{"initial_reset_timestamp": 1640026014.6992948, "timestamps": [1640026014.9335551], "episode_lengths": [10], "episode_rewards": [10.0], "episode_types": ["t"]}