{"initial_reset_timestamp": 1640034761.2259636, "timestamps": [1640034761.4655492], "episode_lengths": [10], "episode_rewards": [10.0], "episode_types": ["t"]}