{"initial_reset_timestamp": 1640033866.880807, "timestamps": [1640033867.1143653], "episode_lengths": [10], "episode_rewards": [10.0], "episode_types": ["t"]}