{"initial_reset_timestamp": 1640003579.4107072, "timestamps": [1640003580.5069082], "episode_lengths": [141], "episode_rewards": [141.0], "episode_types": ["t"]}