{"initial_reset_timestamp": 1640026379.5028958, "timestamps": [1640026379.7934513], "episode_lengths": [9], "episode_rewards": [9.0], "episode_types": ["t"]}