{"initial_reset_timestamp": 1639947084.0220377, "timestamps": [1639947085.5479314], "episode_lengths": [200], "episode_rewards": [200.0], "episode_types": ["t"]}