{"initial_reset_timestamp": 1640004968.4709005, "timestamps": [1640004968.692823], "episode_lengths": [10], "episode_rewards": [10.0], "episode_types": ["t"]}