{"initial_reset_timestamp": 1640034736.6151304, "timestamps": [1640034736.8567963], "episode_lengths": [9], "episode_rewards": [9.0], "episode_types": ["t"]}