{"initial_reset_timestamp": 1640010990.7264702, "timestamps": [1640010991.393274], "episode_lengths": [76], "episode_rewards": [76.0], "episode_types": ["t"]}