{"initial_reset_timestamp": 1640102192.1046739, "timestamps": [1640102192.7511833], "episode_lengths": [77], "episode_rewards": [77.0], "episode_types": ["t"]}