{"initial_reset_timestamp": 1640014668.1419234, "timestamps": [1640014668.3683426], "episode_lengths": [10], "episode_rewards": [10.0], "episode_types": ["t"]}