{"initial_reset_timestamp": 1639944315.400467, "timestamps": [1639944315.6336455], "episode_lengths": [13], "episode_rewards": [13.0], "episode_types": ["t"]}