{"initial_reset_timestamp": 1639945103.6875176, "timestamps": [1639945104.5415316], "episode_lengths": [103], "episode_rewards": [103.0], "episode_types": ["t"]}