{"initial_reset_timestamp": 1640003921.4936838, "timestamps": [1640003922.0714724], "episode_lengths": [63], "episode_rewards": [63.0], "episode_types": ["t"]}