{"initial_reset_timestamp": 1639944443.5517998, "timestamps": [1639944445.0348263], "episode_lengths": [200], "episode_rewards": [200.0], "episode_types": ["t"]}