{"initial_reset_timestamp": 1640025998.9369855, "timestamps": [1640025999.1609697], "episode_lengths": [9], "episode_rewards": [9.0], "episode_types": ["t"]}