{"initial_reset_timestamp": 1640006223.9681497, "timestamps": [1640006224.9068499], "episode_lengths": [129], "episode_rewards": [129.0], "episode_types": ["t"]}