{"initial_reset_timestamp": 1640004562.4984071, "timestamps": [1640004563.0059302], "episode_lengths": [58], "episode_rewards": [58.0], "episode_types": ["t"]}