{"arch": "DoubleDQN", "n_layers": 4, "episodes_trained": 128, "last_avg_score": 1.0052631578947369, "batch_size": 128, "exploration_threshold": 1, "exploration_threshold_min": 0.01, "exploration_decay": 0.02, "discount_factor": 0.99, "learning_rate": 0.0001, "learning_rate_decay": 0.99, "episodes": [0, 1, 2, 3, 4, 5, 6, 7, 8, 9, 10, 11, 12, 13, 14, 15, 16, 17, 18, 19, 20, 21, 22, 23, 24, 25, 26, 27, 28, 29, 30, 31, 32, 33, 34, 35, 36, 37, 38, 39, 40, 41, 42, 43, 44, 45, 46, 47, 48, 49, 50, 51, 52, 53, 54, 55, 56, 57, 58, 59, 60, 61, 62, 63, 64, 65, 66, 67, 68, 69, 70, 71, 72, 73, 74, 75, 76, 77, 78, 79, 80, 81, 82, 83, 84, 85, 86, 87, 88, 89, 90, 91, 92, 93, 94, 95, 96, 97, 98, 99, 100, 101, 102, 103, 104, 105, 106, 107, 108, 109, 110, 111, 112, 113, 114, 115, 116, 117, 118, 119, 120, 121, 122, 123, 124, 125, 126, 127], "scores": [13.0, 12.0, 20.0, 34.0, 36.0, 11.0, 22.0, 44.0, 25.0, 11.0, 16.0, 46.0, 11.0, 14.0, 13.0, 69.0, 48.0, 64.0, 18.0, 32.0, 137.0, 61.0, 126.0, 169.0, 120.0, 200.0, 26.0, 126.0, 200.0, 200.0, 32.0, 200.0, 160.0, 200.0, 54.0, 200.0, 200.0, 200.0, 200.0, 200.0, 200.0, 200.0, 200.0, 200.0, 200.0, 200.0, 200.0, 200.0, 200.0, 200.0, 200.0, 200.0, 200.0, 200.0, 200.0, 200.0, 200.0, 200.0, 200.0, 200.0, 200.0, 200.0, 200.0, 200.0, 200.0, 200.0, 200.0, 200.0, 200.0, 200.0, 200.0, 200.0, 200.0, 200.0, 200.0, 200.0, 200.0, 200.0, 200.0, 200.0, 200.0, 200.0, 200.0, 200.0, 200.0, 159.0, 200.0, 200.0, 200.0, 151.0, 200.0, 200.0, 200.0, 198.0, 200.0, 200.0, 170.0, 200.0, 200.0, 200.0, 200.0, 200.0, 200.0, 200.0, 200.0, 200.0, 200.0, 200.0, 200.0, 200.0, 200.0, 200.0, 200.0, 200.0, 200.0, 200.0, 200.0, 200.0, 200.0, 200.0, 200.0, 200.0, 200.0, 200.0, 200.0, 200.0, 200.0, 191.0], "events": [12, 11, 19, 33, 35, 10, 21, 43, 24, 10, 15, 45, 10, 13, 12, 68, 47, 63, 17, 31, 136, 60, 125, 168, 119, 199, 25, 125, 199, 199, 31, 199, 159, 199, 53, 199, 199, 199, 199, 199, 199, 199, 199, 199, 199, 199, 199, 199, 199, 199, 199, 199, 199, 199, 199, 199, 199, 199, 199, 199, 199, 199, 199, 199, 199, 199, 199, 199, 199, 199, 199, 199, 199, 199, 199, 199, 199, 199, 199, 199, 199, 199, 199, 199, 199, 158, 199, 199, 199, 150, 199, 199, 199, 197, 199, 199, 169, 199, 199, 199, 199, 199, 199, 199, 199, 199, 199, 199, 199, 199, 199, 199, 199, 199, 199, 199, 199, 199, 199, 199, 199, 199, 199, 199, 199, 199, 199, 190], "avg_scores": [1.0833333333333333, 1.0909090909090908, 1.0526315789473684, 1.0303030303030303, 1.0285714285714285, 1.1, 1.0476190476190477, 1.0232558139534884, 1.0416666666666667, 1.1, 1.0666666666666667, 1.0222222222222221, 1.1, 1.0769230769230769, 1.0833333333333333, 1.0147058823529411, 1.0212765957446808, 1.0158730158730158, 1.0588235294117647, 1.032258064516129, 1.0073529411764706, 1.0166666666666666, 1.008, 1.005952380952381, 1.0084033613445378, 1.0050251256281406, 1.04, 1.008, 1.0050251256281406, 1.0050251256281406, 1.032258064516129, 1.0050251256281406, 1.0062893081761006, 1.0050251256281406, 1.0188679245283019, 1.0050251256281406, 1.0050251256281406, 1.0050251256281406, 1.0050251256281406, 1.0050251256281406, 1.0050251256281406, 1.0050251256281406, 1.0050251256281406, 1.0050251256281406, 1.0050251256281406, 1.0050251256281406, 1.0050251256281406, 1.0050251256281406, 1.0050251256281406, 1.0050251256281406, 1.0050251256281406, 1.0050251256281406, 1.0050251256281406, 1.0050251256281406, 1.0050251256281406, 1.0050251256281406, 1.0050251256281406, 1.0050251256281406, 1.0050251256281406, 1.0050251256281406, 1.0050251256281406, 1.0050251256281406, 1.0050251256281406, 1.0050251256281406, 1.0050251256281406, 1.0050251256281406, 1.0050251256281406, 1.0050251256281406, 1.0050251256281406, 1.0050251256281406, 1.0050251256281406, 1.0050251256281406, 1.0050251256281406, 1.0050251256281406, 1.0050251256281406, 1.0050251256281406, 1.0050251256281406, 1.0050251256281406, 1.0050251256281406, 1.0050251256281406, 1.0050251256281406, 1.0050251256281406, 1.0050251256281406, 1.0050251256281406, 1.0050251256281406, 1.0063291139240507, 1.0050251256281406, 1.0050251256281406, 1.0050251256281406, 1.0066666666666666, 1.0050251256281406, 1.0050251256281406, 1.0050251256281406, 1.0050761421319796, 1.0050251256281406, 1.0050251256281406, 1.0059171597633136, 1.0050251256281406, 1.0050251256281406, 1.0050251256281406, 1.0050251256281406, 1.0050251256281406, 1.0050251256281406, 1.0050251256281406, 1.0050251256281406, 1.0050251256281406, 1.0050251256281406, 1.0050251256281406, 1.0050251256281406, 1.0050251256281406, 1.0050251256281406, 1.0050251256281406, 1.0050251256281406, 1.0050251256281406, 1.0050251256281406, 1.0050251256281406, 1.0050251256281406, 1.0050251256281406, 1.0050251256281406, 1.0050251256281406, 1.0050251256281406, 1.0050251256281406, 1.0050251256281406, 1.0050251256281406, 1.0050251256281406, 1.0050251256281406, 1.0050251256281406, 1.0052631578947369], "avg_scores20": [13.0, 12.5, 15.0, 19.75, 23.0, 21.0, 21.142857142857142, 24.0, 24.11111111111111, 22.8, 22.181818181818183, 24.166666666666668, 23.153846153846153, 22.5, 21.866666666666667, 24.8125, 26.176470588235293, 28.27777777777778, 27.736842105263158, 27.95, 34.15, 36.6, 41.9, 48.65, 52.85, 62.3, 62.5, 66.6, 75.35, 84.8, 85.6, 93.3, 100.75, 110.05, 112.1, 118.65, 126.25, 133.05, 142.15, 150.55, 153.7, 160.65, 164.35, 165.9, 169.9, 169.9, 178.6, 182.3, 182.3, 182.3, 190.7, 190.7, 192.7, 192.7, 200.0, 200.0, 200.0, 200.0, 200.0, 200.0, 200.0, 200.0, 200.0, 200.0, 200.0, 200.0, 200.0, 200.0, 200.0, 200.0, 200.0, 200.0, 200.0, 200.0, 200.0, 200.0, 200.0, 200.0, 200.0, 200.0, 200.0, 200.0, 200.0, 200.0, 200.0, 197.95, 197.95, 197.95, 197.95, 195.5, 195.5, 195.5, 195.5, 195.4, 195.4, 195.4, 193.9, 193.9, 193.9, 193.9, 193.9, 193.9, 193.9, 193.9, 193.9, 195.95, 195.95, 195.95, 195.95, 198.4, 198.4, 198.4, 198.4, 198.5, 198.5, 198.5, 200.0, 200.0, 200.0, 200.0, 200.0, 200.0, 200.0, 200.0, 200.0, 200.0, 200.0, 199.55], "exploration": [0.98, 0.96, 0.94, 0.9199999999999999, 0.8999999999999999, 0.8799999999999999, 0.8599999999999999, 0.8399999999999999, 0.8199999999999998, 0.7999999999999998, 0.7799999999999998, 0.7599999999999998, 0.7399999999999998, 0.7199999999999998, 0.6999999999999997, 0.6799999999999997, 0.6599999999999997, 0.6399999999999997, 0.6199999999999997, 0.5999999999999996, 0.5799999999999996, 0.5599999999999996, 0.5399999999999996, 0.5199999999999996, 0.49999999999999956, 0.47999999999999954, 0.4599999999999995, 0.4399999999999995, 0.4199999999999995, 0.39999999999999947, 0.37999999999999945, 0.35999999999999943, 0.3399999999999994, 0.3199999999999994, 0.2999999999999994, 0.27999999999999936, 0.25999999999999934, 0.23999999999999935, 0.21999999999999936, 0.19999999999999937, 0.17999999999999938, 0.1599999999999994, 0.1399999999999994, 0.1199999999999994, 0.0999999999999994, 0.07999999999999939, 0.05999999999999939, 0.03999999999999938, 0.019999999999999383, -6.175615574477433e-16, 0.01, 0.01, 0.01, 0.01, 0.01, 0.01, 0.01, 0.01, 0.01, 0.01, 0.01, 0.01, 0.01, 0.01, 0.01, 0.01, 0.01, 0.01, 0.01, 0.01, 0.01, 0.01, 0.01, 0.01, 0.01, 0.01, 0.01, 0.01, 0.01, 0.01, 0.01, 0.01, 0.01, 0.01, 0.01, 0.01, 0.01, 0.01, 0.01, 0.01, 0.01, 0.01, 0.01, 0.01, 0.01, 0.01, 0.01, 0.01, 0.01, 0.01, 0.01, 0.01, 0.01, 0.01, 0.01, 0.01, 0.01, 0.01, 0.01, 0.01, 0.01, 0.01, 0.01, 0.01, 0.01, 0.01, 0.01, 0.01, 0.01, 0.01, 0.01, 0.01, 0.01, 0.01, 0.01, 0.01, 0.01, 0.01],