{"initial_reset_timestamp": 1640026571.5988169, "timestamps": [1640026571.8584685], "episode_lengths": [10], "episode_rewards": [10.0], "episode_types": ["t"]}