{"initial_reset_timestamp": 1640102669.5302432, "timestamps": [1640102670.9658337], "episode_lengths": [200], "episode_rewards": [200.0], "episode_types": ["t"]}