{"initial_reset_timestamp": 1640026164.6405544, "timestamps": [1640026164.8773353], "episode_lengths": [10], "episode_rewards": [10.0], "episode_types": ["t"]}