{"initial_reset_timestamp": 1639944599.2652695, "timestamps": [1639944600.4010625], "episode_lengths": [146], "episode_rewards": [146.0], "episode_types": ["t"]}