{"initial_reset_timestamp": 1640034223.4027562, "timestamps": [1640034223.6300356], "episode_lengths": [9], "episode_rewards": [9.0], "episode_types": ["t"]}