{"initial_reset_timestamp": 1640014505.2485867, "timestamps": [1640014505.480308], "episode_lengths": [10], "episode_rewards": [10.0], "episode_types": ["t"]}