{"initial_reset_timestamp": 1640004815.87226, "timestamps": [1640004816.0903873], "episode_lengths": [10], "episode_rewards": [10.0], "episode_types": ["t"]}