{"initial_reset_timestamp": 1640026121.113309, "timestamps": [1640026121.3580935], "episode_lengths": [10], "episode_rewards": [10.0], "episode_types": ["t"]}