{"initial_reset_timestamp": 1640034023.1556976, "timestamps": [1640034023.4065654], "episode_lengths": [10], "episode_rewards": [10.0], "episode_types": ["t"]}