{"initial_reset_timestamp": 1640004724.5961437, "timestamps": [1640004724.8126116], "episode_lengths": [10], "episode_rewards": [10.0], "episode_types": ["t"]}