{"initial_reset_timestamp": 1640034414.0828817, "timestamps": [1640034414.3224566], "episode_lengths": [10], "episode_rewards": [10.0], "episode_types": ["t"]}