{"initial_reset_timestamp": 1640004859.756936, "timestamps": [1640004859.977983], "episode_lengths": [10], "episode_rewards": [10.0], "episode_types": ["t"]}