{"initial_reset_timestamp": 1640034534.1655822, "timestamps": [1640034534.4026976], "episode_lengths": [9], "episode_rewards": [9.0], "episode_types": ["t"]}