{"initial_reset_timestamp": 1640034631.6568189, "timestamps": [1640034631.8994596], "episode_lengths": [10], "episode_rewards": [10.0], "episode_types": ["t"]}