{"initial_reset_timestamp": 1640103026.259855, "timestamps": [1640103027.4507601], "episode_lengths": [161], "episode_rewards": [161.0], "episode_types": ["t"]}