{"initial_reset_timestamp": 1640014356.9522963, "timestamps": [1640014357.1654835], "episode_lengths": [8], "episode_rewards": [8.0], "episode_types": ["t"]}