{"initial_reset_timestamp": 1640106857.749861, "timestamps": [1640106858.0815399], "episode_lengths": [21], "episode_rewards": [21.0], "episode_types": ["t"]}