{"initial_reset_timestamp": 1639948692.0542943, "timestamps": [1639948692.9776664], "episode_lengths": [100], "episode_rewards": [100.0], "episode_types": ["t"]}