{"initial_reset_timestamp": 1639945818.1105707, "timestamps": [1639945818.3298264], "episode_lengths": [10], "episode_rewards": [10.0], "episode_types": ["t"]}