{"initial_reset_timestamp": 1640034075.6587346, "timestamps": [1640034075.8950682], "episode_lengths": [9], "episode_rewards": [9.0], "episode_types": ["t"]}