{"initial_reset_timestamp": 1640033762.729436, "timestamps": [1640033762.9648948], "episode_lengths": [10], "episode_rewards": [10.0], "episode_types": ["t"]}