{"initial_reset_timestamp": 1640029214.5976298, "timestamps": [1640029242.1582944], "episode_lengths": [1000], "episode_rewards": [114.03508771930021], "episode_types": ["t"]}