{"initial_reset_timestamp": 1640026902.0092103, "timestamps": [1640026902.2604012], "episode_lengths": [10], "episode_rewards": [10.0], "episode_types": ["t"]}