{"initial_reset_timestamp": 1640025841.0085704, "timestamps": [1640025841.2632558], "episode_lengths": [8], "episode_rewards": [8.0], "episode_types": ["t"]}