{"initial_reset_timestamp": 1640015805.6117642, "timestamps": [1640015805.8440301], "episode_lengths": [10], "episode_rewards": [10.0], "episode_types": ["t"]}