{"initial_reset_timestamp": 1639944128.956901, "timestamps": [1639944129.9081907], "episode_lengths": [128], "episode_rewards": [128.0], "episode_types": ["t"]}