{"initial_reset_timestamp": 1640008374.1084025, "timestamps": [1640008375.7168775], "episode_lengths": [200], "episode_rewards": [200.0], "episode_types": ["t"]}