{"initial_reset_timestamp": 1639944941.7811346, "timestamps": [1639944942.7989624], "episode_lengths": [127], "episode_rewards": [127.0], "episode_types": ["t"]}