{"initial_reset_timestamp": 1639943806.8909183, "timestamps": [1639943807.6024423], "episode_lengths": [90], "episode_rewards": [90.0], "episode_types": ["t"]}