{"initial_reset_timestamp": 1639948434.0177536, "timestamps": [1639948435.0416768], "episode_lengths": [112], "episode_rewards": [112.0], "episode_types": ["t"]}