{"initial_reset_timestamp": 1640033775.8453615, "timestamps": [1640033776.0884032], "episode_lengths": [10], "episode_rewards": [10.0], "episode_types": ["t"]}