{"initial_reset_timestamp": 1640106619.3278532, "timestamps": [1640106619.577564], "episode_lengths": [10], "episode_rewards": [10.0], "episode_types": ["t"]}