{"initial_reset_timestamp": 1640104379.9150772, "timestamps": [1640104381.9077408], "episode_lengths": [66], "episode_rewards": [66.0], "episode_types": ["t"]}