{"initial_reset_timestamp": 1640101212.9635706, "timestamps": [1640101214.0841815], "episode_lengths": [169], "episode_rewards": [169.0], "episode_types": ["t"]}