{"initial_reset_timestamp": 1640034068.0537229, "timestamps": [1640034068.2836516], "episode_lengths": [8], "episode_rewards": [8.0], "episode_types": ["t"]}