{"initial_reset_timestamp": 1640107642.1998932, "timestamps": [1640107643.727745], "episode_lengths": [200], "episode_rewards": [200.0], "episode_types": ["t"]}