{"initial_reset_timestamp": 1640026945.1344135, "timestamps": [1640026945.3565838], "episode_lengths": [8], "episode_rewards": [8.0], "episode_types": ["t"]}