{"initial_reset_timestamp": 1639946191.2826908, "timestamps": [1639946192.0240982], "episode_lengths": [88], "episode_rewards": [88.0], "episode_types": ["t"]}