{"initial_reset_timestamp": 1640101929.2070544, "timestamps": [1640101930.8367333], "episode_lengths": [200], "episode_rewards": [200.0], "episode_types": ["t"]}