{"initial_reset_timestamp": 1640027108.3041782, "timestamps": [1640027108.5675106], "episode_lengths": [9], "episode_rewards": [9.0], "episode_types": ["t"]}