{"initial_reset_timestamp": 1640034113.5344937, "timestamps": [1640034113.7684212], "episode_lengths": [9], "episode_rewards": [9.0], "episode_types": ["t"]}