{"initial_reset_timestamp": 1640027073.2118785, "timestamps": [1640027073.4557028], "episode_lengths": [9], "episode_rewards": [9.0], "episode_types": ["t"]}