{"initial_reset_timestamp": 1640034679.0539374, "timestamps": [1640034679.2928216], "episode_lengths": [9], "episode_rewards": [9.0], "episode_types": ["t"]}