{"initial_reset_timestamp": 1640104497.1128852, "timestamps": [1640104497.44894], "episode_lengths": [25], "episode_rewards": [25.0], "episode_types": ["t"]}