{"initial_reset_timestamp": 1640003385.0885532, "timestamps": [1640003385.3090494], "episode_lengths": [10], "episode_rewards": [10.0], "episode_types": ["t"]}