{"initial_reset_timestamp": 1640034619.5208569, "timestamps": [1640034619.7589495], "episode_lengths": [10], "episode_rewards": [10.0], "episode_types": ["t"]}