{"initial_reset_timestamp": 1639671351.2547603, "timestamps": [1639671352.9672813], "episode_lengths": [200], "episode_rewards": [200.0], "episode_types": ["t"]}