{"initial_reset_timestamp": 1640013806.8226771, "timestamps": [1640013807.0596547], "episode_lengths": [10], "episode_rewards": [10.0], "episode_types": ["t"]}