{"initial_reset_timestamp": 1639659811.8127494, "timestamps": [1639659812.0599847], "episode_lengths": [9], "episode_rewards": [9.0], "episode_types": ["t"]}