{"initial_reset_timestamp": 1639945613.3475525, "timestamps": [1639945613.8220026], "episode_lengths": [53], "episode_rewards": [53.0], "episode_types": ["t"]}