{"initial_reset_timestamp": 1640107280.037082, "timestamps": [1640107280.4516501], "episode_lengths": [38], "episode_rewards": [38.0], "episode_types": ["t"]}