{"initial_reset_timestamp": 1640034440.7922566, "timestamps": [1640034441.0299177], "episode_lengths": [9], "episode_rewards": [9.0], "episode_types": ["t"]}