{"initial_reset_timestamp": 1640018759.667513, "timestamps": [1640018761.0802734], "episode_lengths": [200], "episode_rewards": [200.0], "episode_types": ["t"]}