{"initial_reset_timestamp": 1640015733.5421927, "timestamps": [1640015733.7723303], "episode_lengths": [9], "episode_rewards": [9.0], "episode_types": ["t"]}