{"initial_reset_timestamp": 1639943746.8467138, "timestamps": [1639943747.479612], "episode_lengths": [71], "episode_rewards": [71.0], "episode_types": ["t"]}