{"initial_reset_timestamp": 1640025815.679934, "timestamps": [1640025815.9299102], "episode_lengths": [10], "episode_rewards": [10.0], "episode_types": ["t"]}