{"initial_reset_timestamp": 1640005010.9572613, "timestamps": [1640005011.1664054], "episode_lengths": [9], "episode_rewards": [9.0], "episode_types": ["t"]}