{"initial_reset_timestamp": 1640033788.8021727, "timestamps": [1640033789.0348845], "episode_lengths": [9], "episode_rewards": [9.0], "episode_types": ["t"]}