{"initial_reset_timestamp": 1640101511.7436013, "timestamps": [1640101513.0425253], "episode_lengths": [200], "episode_rewards": [200.0], "episode_types": ["t"]}