{"initial_reset_timestamp": 1640034910.8148856, "timestamps": [1640034911.0702813], "episode_lengths": [10], "episode_rewards": [10.0], "episode_types": ["t"]}