{"initial_reset_timestamp": 1640025852.9517431, "timestamps": [1640025853.1836946], "episode_lengths": [9], "episode_rewards": [9.0], "episode_types": ["t"]}