{"initial_reset_timestamp": 1640034271.7669523, "timestamps": [1640034271.9966145], "episode_lengths": [8], "episode_rewards": [8.0], "episode_types": ["t"]}