{"initial_reset_timestamp": 1640023444.0953236, "timestamps": [1640023445.7119927], "episode_lengths": [200], "episode_rewards": [200.0], "episode_types": ["t"]}