{"initial_reset_timestamp": 1640027041.2036083, "timestamps": [1640027041.4554062], "episode_lengths": [9], "episode_rewards": [9.0], "episode_types": ["t"]}