{"initial_reset_timestamp": 1640033845.5969963, "timestamps": [1640033845.8314438], "episode_lengths": [9], "episode_rewards": [9.0], "episode_types": ["t"]}