{"initial_reset_timestamp": 1640005039.211931, "timestamps": [1640005039.4284656], "episode_lengths": [10], "episode_rewards": [10.0], "episode_types": ["t"]}