{"initial_reset_timestamp": 1640034832.77042, "timestamps": [1640034833.0078988], "episode_lengths": [10], "episode_rewards": [10.0], "episode_types": ["t"]}