{"initial_reset_timestamp": 1640046610.5056868, "timestamps": [1640046628.5628912], "episode_lengths": [1000], "episode_rewards": [727.9569892473002], "episode_types": ["t"]}