{"initial_reset_timestamp": 1640026730.9306946, "timestamps": [1640026731.176139], "episode_lengths": [10], "episode_rewards": [10.0], "episode_types": ["t"]}