{"initial_reset_timestamp": 1640103630.2496223, "timestamps": [1640103631.551349], "episode_lengths": [162], "episode_rewards": [162.0], "episode_types": ["t"]}