{"initial_reset_timestamp": 1640026924.3993232, "timestamps": [1640026924.658588], "episode_lengths": [10], "episode_rewards": [10.0], "episode_types": ["t"]}