{"initial_reset_timestamp": 1639947877.0340617, "timestamps": [1639947877.9612298], "episode_lengths": [109], "episode_rewards": [109.0], "episode_types": ["t"]}