{"initial_reset_timestamp": 1640034511.4218225, "timestamps": [1640034511.6701884], "episode_lengths": [10], "episode_rewards": [10.0], "episode_types": ["t"]}