{"initial_reset_timestamp": 1640034667.3891284, "timestamps": [1640034667.6341133], "episode_lengths": [10], "episode_rewards": [10.0], "episode_types": ["t"]}