{"initial_reset_timestamp": 1640046287.352609, "timestamps": [1640046305.0282469], "episode_lengths": [1000], "episode_rewards": [423.3333333333303], "episode_types": ["t"]}