{"initial_reset_timestamp": 1639945258.0798266, "timestamps": [1639945258.9343462], "episode_lengths": [103], "episode_rewards": [103.0], "episode_types": ["t"]}