{"initial_reset_timestamp": 1640101349.3389761, "timestamps": [1640101350.6192865], "episode_lengths": [200], "episode_rewards": [200.0], "episode_types": ["t"]}