{"initial_reset_timestamp": 1640007946.5654595, "timestamps": [1640007946.7984715], "episode_lengths": [10], "episode_rewards": [10.0], "episode_types": ["t"]}