{"initial_reset_timestamp": 1640006837.7981374, "timestamps": [1640006839.1892385], "episode_lengths": [200], "episode_rewards": [200.0], "episode_types": ["t"]}