{"initial_reset_timestamp": 1639945654.6843853, "timestamps": [1639945655.0630949], "episode_lengths": [38], "episode_rewards": [38.0], "episode_types": ["t"]}