{"initial_reset_timestamp": 1640034187.6560252, "timestamps": [1640034187.9097703], "episode_lengths": [11], "episode_rewards": [11.0], "episode_types": ["t"]}