{"initial_reset_timestamp": 1640015147.300215, "timestamps": [1640015147.528484], "episode_lengths": [10], "episode_rewards": [10.0], "episode_types": ["t"]}