{"initial_reset_timestamp": 1640015109.0521443, "timestamps": [1640015109.2805462], "episode_lengths": [10], "episode_rewards": [10.0], "episode_types": ["t"]}