{"initial_reset_timestamp": 1640005216.149575, "timestamps": [1640005216.8649623], "episode_lengths": [93], "episode_rewards": [93.0], "episode_types": ["t"]}