{"initial_reset_timestamp": 1640034643.4744685, "timestamps": [1640034643.7099843], "episode_lengths": [9], "episode_rewards": [9.0], "episode_types": ["t"]}