{"initial_reset_timestamp": 1640016111.1800816, "timestamps": [1640016111.9213579], "episode_lengths": [92], "episode_rewards": [92.0], "episode_types": ["t"]}