{"initial_reset_timestamp": 1640012499.6763663, "timestamps": [1640012499.9127092], "episode_lengths": [9], "episode_rewards": [9.0], "episode_types": ["t"]}