{"initial_reset_timestamp": 1640009218.2547271, "timestamps": [1640009219.1424031], "episode_lengths": [99], "episode_rewards": [99.0], "episode_types": ["t"]}