{"initial_reset_timestamp": 1640026439.3286543, "timestamps": [1640026439.5719335], "episode_lengths": [8], "episode_rewards": [8.0], "episode_types": ["t"]}