{"initial_reset_timestamp": 1640017100.6911154, "timestamps": [1640017102.111058], "episode_lengths": [200], "episode_rewards": [200.0], "episode_types": ["t"]}