{"initial_reset_timestamp": 1640006536.325687, "timestamps": [1640006537.3183255], "episode_lengths": [137], "episode_rewards": [137.0], "episode_types": ["t"]}