{"initial_reset_timestamp": 1640003512.8472066, "timestamps": [1640003513.1467545], "episode_lengths": [23], "episode_rewards": [23.0], "episode_types": ["t"]}