{"initial_reset_timestamp": 1640004830.4061573, "timestamps": [1640004830.6200538], "episode_lengths": [9], "episode_rewards": [9.0], "episode_types": ["t"]}