{"initial_reset_timestamp": 1640010661.1141832, "timestamps": [1640010662.0293727], "episode_lengths": [108], "episode_rewards": [108.0], "episode_types": ["t"]}