{"initial_reset_timestamp": 1640025886.6973636, "timestamps": [1640025886.9284456], "episode_lengths": [9], "episode_rewards": [9.0], "episode_types": ["t"]}