{"initial_reset_timestamp": 1640025988.9318554, "timestamps": [1640025989.1727912], "episode_lengths": [10], "episode_rewards": [10.0], "episode_types": ["t"]}