{"initial_reset_timestamp": 1640102852.1391876, "timestamps": [1640102853.268429], "episode_lengths": [141], "episode_rewards": [141.0], "episode_types": ["t"]}