{"initial_reset_timestamp": 1640014021.2101138, "timestamps": [1640014021.4337316], "episode_lengths": [9], "episode_rewards": [9.0], "episode_types": ["t"]}