{"initial_reset_timestamp": 1640033814.8354025, "timestamps": [1640033815.0587611], "episode_lengths": [9], "episode_rewards": [9.0], "episode_types": ["t"]}