{"initial_reset_timestamp": 1640026084.1353197, "timestamps": [1640026084.3919017], "episode_lengths": [11], "episode_rewards": [11.0], "episode_types": ["t"]}