{"initial_reset_timestamp": 1640034105.9194417, "timestamps": [1640034106.1564908], "episode_lengths": [8], "episode_rewards": [8.0], "episode_types": ["t"]}