{"initial_reset_timestamp": 1640022176.275404, "timestamps": [1640022177.6110983], "episode_lengths": [185], "episode_rewards": [185.0], "episode_types": ["t"]}