{"initial_reset_timestamp": 1640010304.1125338, "timestamps": [1640010305.068802], "episode_lengths": [110], "episode_rewards": [110.0], "episode_types": ["t"]}