{"initial_reset_timestamp": 1640015550.181638, "timestamps": [1640015550.418415], "episode_lengths": [10], "episode_rewards": [10.0], "episode_types": ["t"]}