{"initial_reset_timestamp": 1640101963.642407, "timestamps": [1640101965.106863], "episode_lengths": [200], "episode_rewards": [200.0], "episode_types": ["t"]}