{"initial_reset_timestamp": 60755.9161235, "timestamps": [60773.947959172], "episode_lengths": [1000], "episode_rewards": [473.8831615120195], "episode_types": ["t"]}