{"initial_reset_timestamp": 1640034000.6597507, "timestamps": [1640034000.89436], "episode_lengths": [10], "episode_rewards": [10.0], "episode_types": ["t"]}