{"initial_reset_timestamp": 1640027025.1976233, "timestamps": [1640027025.4649024], "episode_lengths": [10], "episode_rewards": [10.0], "episode_types": ["t"]}