{"initial_reset_timestamp": 1639949027.7982628, "timestamps": [1639949028.6346276], "episode_lengths": [95], "episode_rewards": [95.0], "episode_types": ["t"]}