{"initial_reset_timestamp": 1640004692.432885, "timestamps": [1640004692.6496494], "episode_lengths": [10], "episode_rewards": [10.0], "episode_types": ["t"]}