{"initial_reset_timestamp": 1640015345.382218, "timestamps": [1640015345.613514], "episode_lengths": [10], "episode_rewards": [10.0], "episode_types": ["t"]}