{"initial_reset_timestamp": 1640004768.3435874, "timestamps": [1640004768.5550275], "episode_lengths": [9], "episode_rewards": [9.0], "episode_types": ["t"]}