{"initial_reset_timestamp": 1639944468.0356789, "timestamps": [1639944468.2460752], "episode_lengths": [11], "episode_rewards": [11.0], "episode_types": ["t"]}