{"initial_reset_timestamp": 1640034388.21129, "timestamps": [1640034388.4581642], "episode_lengths": [10], "episode_rewards": [10.0], "episode_types": ["t"]}