{"initial_reset_timestamp": 1640003494.6706963, "timestamps": [1640003494.8912644], "episode_lengths": [10], "episode_rewards": [10.0], "episode_types": ["t"]}