{"initial_reset_timestamp": 1640103986.0099683, "timestamps": [1640103987.1147003], "episode_lengths": [134], "episode_rewards": [134.0], "episode_types": ["t"]}