{"initial_reset_timestamp": 1640025913.5887947, "timestamps": [1640025913.8185883], "episode_lengths": [9], "episode_rewards": [9.0], "episode_types": ["t"]}