{"initial_reset_timestamp": 1640034361.3945904, "timestamps": [1640034361.6367211], "episode_lengths": [10], "episode_rewards": [10.0], "episode_types": ["t"]}