{"initial_reset_timestamp": 1640026025.0940032, "timestamps": [1640026025.339015], "episode_lengths": [10], "episode_rewards": [10.0], "episode_types": ["t"]}