{"initial_reset_timestamp": 1640005120.1274168, "timestamps": [1640005121.515956], "episode_lengths": [200], "episode_rewards": [200.0], "episode_types": ["t"]}