{"initial_reset_timestamp": 1640104567.7203512, "timestamps": [1640104568.083608], "episode_lengths": [27], "episode_rewards": [27.0], "episode_types": ["t"]}