{"initial_reset_timestamp": 1640034235.927665, "timestamps": [1640034236.1764188], "episode_lengths": [10], "episode_rewards": [10.0], "episode_types": ["t"]}