{"initial_reset_timestamp": 1640026191.5771403, "timestamps": [1640026191.8024924], "episode_lengths": [9], "episode_rewards": [9.0], "episode_types": ["t"]}