{"initial_reset_timestamp": 1640034715.7751942, "timestamps": [1640034716.0072205], "episode_lengths": [9], "episode_rewards": [9.0], "episode_types": ["t"]}