{"initial_reset_timestamp": 1640012699.5717618, "timestamps": [1640012699.797744], "episode_lengths": [10], "episode_rewards": [10.0], "episode_types": ["t"]}