{"initial_reset_timestamp": 1640108153.376402, "timestamps": [1640108154.8944066], "episode_lengths": [200], "episode_rewards": [200.0], "episode_types": ["t"]}