{"initial_reset_timestamp": 1640004646.0196278, "timestamps": [1640004646.2371721], "episode_lengths": [10], "episode_rewards": [10.0], "episode_types": ["t"]}