{"initial_reset_timestamp": 1640025970.6368983, "timestamps": [1640025970.8715916], "episode_lengths": [10], "episode_rewards": [10.0], "episode_types": ["t"]}