{"initial_reset_timestamp": 1640013731.1748724, "timestamps": [1640013731.3958883], "episode_lengths": [9], "episode_rewards": [9.0], "episode_types": ["t"]}