{"initial_reset_timestamp": 1640014419.1012614, "timestamps": [1640014419.338214], "episode_lengths": [10], "episode_rewards": [10.0], "episode_types": ["t"]}