{"initial_reset_timestamp": 1639946429.1368334, "timestamps": [1639946429.4164567], "episode_lengths": [20], "episode_rewards": [20.0], "episode_types": ["t"]}