{"initial_reset_timestamp": 1640109374.8182821, "timestamps": [1640109376.407395], "episode_lengths": [200], "episode_rewards": [200.0], "episode_types": ["t"]}