{"initial_reset_timestamp": 1640004630.0356221, "timestamps": [1640004630.2568777], "episode_lengths": [10], "episode_rewards": [10.0], "episode_types": ["t"]}