{"initial_reset_timestamp": 1640004677.5850513, "timestamps": [1640004677.8031273], "episode_lengths": [10], "episode_rewards": [10.0], "episode_types": ["t"]}