{"initial_reset_timestamp": 1639948330.3103106, "timestamps": [1639948331.8617358], "episode_lengths": [200], "episode_rewards": [200.0], "episode_types": ["t"]}