{"initial_reset_timestamp": 1640003339.5045543, "timestamps": [1640003339.8955748], "episode_lengths": [39], "episode_rewards": [39.0], "episode_types": ["t"]}