{"initial_reset_timestamp": 1639945748.4123402, "timestamps": [1639945748.6222904], "episode_lengths": [9], "episode_rewards": [9.0], "episode_types": ["t"]}