{"initial_reset_timestamp": 1640106563.9645157, "timestamps": [1640106564.212314], "episode_lengths": [10], "episode_rewards": [10.0], "episode_types": ["t"]}