{"initial_reset_timestamp": 1639427851.2784917, "timestamps": [1639427851.4993937], "episode_lengths": [9], "episode_rewards": [9.0], "episode_types": ["t"]}