{"initial_reset_timestamp": 1639657362.4198136, "timestamps": [1639657363.7760215], "episode_lengths": [78], "episode_rewards": [78.0], "episode_types": ["t"]}