{"initial_reset_timestamp": 1640023748.241933, "timestamps": [1640023749.9734573], "episode_lengths": [200], "episode_rewards": [200.0], "episode_types": ["t"]}