{"initial_reset_timestamp": 1640003470.8950033, "timestamps": [1640003471.1276681], "episode_lengths": [12], "episode_rewards": [12.0], "episode_types": ["t"]}