{"initial_reset_timestamp": 1640004171.7860267, "timestamps": [1640004173.0310795], "episode_lengths": [158], "episode_rewards": [158.0], "episode_types": ["t"]}