{"initial_reset_timestamp": 1640015587.0744255, "timestamps": [1640015587.3010159], "episode_lengths": [10], "episode_rewards": [10.0], "episode_types": ["t"]}