{"initial_reset_timestamp": 1640108862.666827, "timestamps": [1640108864.2123053], "episode_lengths": [200], "episode_rewards": [200.0], "episode_types": ["t"]}