{"initial_reset_timestamp": 1640026649.6975634, "timestamps": [1640026649.9779212], "episode_lengths": [9], "episode_rewards": [9.0], "episode_types": ["t"]}