{"initial_reset_timestamp": 1640011680.797691, "timestamps": [1640011681.670308], "episode_lengths": [104], "episode_rewards": [104.0], "episode_types": ["t"]}