{"initial_reset_timestamp": 1640015224.9969418, "timestamps": [1640015225.2181606], "episode_lengths": [9], "episode_rewards": [9.0], "episode_types": ["t"]}