{"initial_reset_timestamp": 1639945731.117487, "timestamps": [1639945731.3262827], "episode_lengths": [10], "episode_rewards": [10.0], "episode_types": ["t"]}