{"initial_reset_timestamp": 1640027057.2243776, "timestamps": [1640027057.4798129], "episode_lengths": [9], "episode_rewards": [9.0], "episode_types": ["t"]}