{"initial_reset_timestamp": 1640025951.9511847, "timestamps": [1640025952.1957903], "episode_lengths": [10], "episode_rewards": [10.0], "episode_types": ["t"]}