{"initial_reset_timestamp": 1640034557.0327709, "timestamps": [1640034557.2756422], "episode_lengths": [9], "episode_rewards": [9.0], "episode_types": ["t"]}