{"initial_reset_timestamp": 1640034196.0942678, "timestamps": [1640034196.3348768], "episode_lengths": [10], "episode_rewards": [10.0], "episode_types": ["t"]}