{"initial_reset_timestamp": 1640014243.2910147, "timestamps": [1640014243.5202353], "episode_lengths": [10], "episode_rewards": [10.0], "episode_types": ["t"]}