{"initial_reset_timestamp": 1640019920.0487394, "timestamps": [1640019920.636253], "episode_lengths": [66], "episode_rewards": [66.0], "episode_types": ["t"]}