{"initial_reset_timestamp": 1640101847.70883, "timestamps": [1640101847.9468691], "episode_lengths": [10], "episode_rewards": [10.0], "episode_types": ["t"]}