{"initial_reset_timestamp": 1639943720.1352391, "timestamps": [1639943724.1318018], "episode_lengths": [61], "episode_rewards": [61.0], "episode_types": ["t"]}