{"initial_reset_timestamp": 1639949932.529438, "timestamps": [1639949933.3805957], "episode_lengths": [95], "episode_rewards": [95.0], "episode_types": ["t"]}