{"initial_reset_timestamp": 1640034454.0537748, "timestamps": [1640034454.299666], "episode_lengths": [10], "episode_rewards": [10.0], "episode_types": ["t"]}