{"initial_reset_timestamp": 1640034873.2868986, "timestamps": [1640034873.5169473], "episode_lengths": [9], "episode_rewards": [9.0], "episode_types": ["t"]}