{"initial_reset_timestamp": 1640004874.3534143, "timestamps": [1640004874.5673459], "episode_lengths": [9], "episode_rewards": [9.0], "episode_types": ["t"]}