{"initial_reset_timestamp": 1640027127.2562232, "timestamps": [1640027127.6606588], "episode_lengths": [10], "episode_rewards": [10.0], "episode_types": ["t"]}