{"initial_reset_timestamp": 1640033795.4311423, "timestamps": [1640033795.6645734], "episode_lengths": [9], "episode_rewards": [9.0], "episode_types": ["t"]}