{"initial_reset_timestamp": 1640003893.3831038, "timestamps": [1640003893.8603652], "episode_lengths": [51], "episode_rewards": [51.0], "episode_types": ["t"]}