{"initial_reset_timestamp": 1640003320.8398397, "timestamps": [1640003321.6520557], "episode_lengths": [12], "episode_rewards": [12.0], "episode_types": ["t"]}