{"initial_reset_timestamp": 1639945714.1088047, "timestamps": [1639945714.3254182], "episode_lengths": [9], "episode_rewards": [9.0], "episode_types": ["t"]}