{"initial_reset_timestamp": 1640106476.4659612, "timestamps": [1640106477.6280954], "episode_lengths": [143], "episode_rewards": [143.0], "episode_types": ["t"]}