{"initial_reset_timestamp": 1640003698.9004586, "timestamps": [1640003699.815529], "episode_lengths": [117], "episode_rewards": [117.0], "episode_types": ["t"]}