{"initial_reset_timestamp": 1640025979.825989, "timestamps": [1640025980.0858445], "episode_lengths": [10], "episode_rewards": [10.0], "episode_types": ["t"]}