{"initial_reset_timestamp": 1639661884.7823596, "timestamps": [1639661886.5641747], "episode_lengths": [200], "episode_rewards": [200.0], "episode_types": ["t"]}