{"initial_reset_timestamp": 59151.690849124, "timestamps": [59169.408331373], "episode_lengths": [1000], "episode_rewards": [573.5395189003342], "episode_types": ["t"]}