{"initial_reset_timestamp": 1640004888.976376, "timestamps": [1640004889.2028573], "episode_lengths": [10], "episode_rewards": [10.0], "episode_types": ["t"]}