{"initial_reset_timestamp": 1640021374.4822147, "timestamps": [1640021376.4019954], "episode_lengths": [200], "episode_rewards": [200.0], "episode_types": ["t"]}