{"initial_reset_timestamp": 1640101702.2118094, "timestamps": [1640101703.0263636], "episode_lengths": [110], "episode_rewards": [110.0], "episode_types": ["t"]}