{"initial_reset_timestamp": 1640026075.5226667, "timestamps": [1640026075.7875698], "episode_lengths": [9], "episode_rewards": [9.0], "episode_types": ["t"]}