{"initial_reset_timestamp": 1640025827.9120264, "timestamps": [1640025828.2712986], "episode_lengths": [9], "episode_rewards": [9.0], "episode_types": ["t"]}