{"initial_reset_timestamp": 1640034131.6011627, "timestamps": [1640034131.8337338], "episode_lengths": [9], "episode_rewards": [9.0], "episode_types": ["t"]}