{"initial_reset_timestamp": 1640106648.3843038, "timestamps": [1640106649.2016912], "episode_lengths": [95], "episode_rewards": [95.0], "episode_types": ["t"]}