{"initial_reset_timestamp": 1640011303.3787336, "timestamps": [1640011304.246719], "episode_lengths": [103], "episode_rewards": [103.0], "episode_types": ["t"]}