{"initial_reset_timestamp": 1640014801.4628785, "timestamps": [1640014801.689281], "episode_lengths": [10], "episode_rewards": [10.0], "episode_types": ["t"]}