{"initial_reset_timestamp": 1640026624.3592749, "timestamps": [1640026624.6126204], "episode_lengths": [9], "episode_rewards": [9.0], "episode_types": ["t"]}