{"initial_reset_timestamp": 1640033782.200961, "timestamps": [1640033782.4462225], "episode_lengths": [10], "episode_rewards": [10.0], "episode_types": ["t"]}