{"initial_reset_timestamp": 1640101880.8168118, "timestamps": [1640101881.986496], "episode_lengths": [156], "episode_rewards": [156.0], "episode_types": ["t"]}