{"initial_reset_timestamp": 1640034948.4552279, "timestamps": [1640034948.6913912], "episode_lengths": [8], "episode_rewards": [8.0], "episode_types": ["t"]}