{"initial_reset_timestamp": 1639657900.0699635, "timestamps": [1639657900.4466813], "episode_lengths": [39], "episode_rewards": [39.0], "episode_types": ["t"]}