{"initial_reset_timestamp": 1640008062.2854774, "timestamps": [1640008062.9178517], "episode_lengths": [72], "episode_rewards": [72.0], "episode_types": ["t"]}