{"initial_reset_timestamp": 1640106769.3901086, "timestamps": [1640106769.6555626], "episode_lengths": [9], "episode_rewards": [9.0], "episode_types": ["t"]}