{"initial_reset_timestamp": 1639947478.468666, "timestamps": [1639947479.3117685], "episode_lengths": [99], "episode_rewards": [99.0], "episode_types": ["t"]}