{"initial_reset_timestamp": 1640034374.9114537, "timestamps": [1640034375.1725836], "episode_lengths": [9], "episode_rewards": [9.0], "episode_types": ["t"]}