{"initial_reset_timestamp": 1639944778.1857917, "timestamps": [1639944779.2803144], "episode_lengths": [137], "episode_rewards": [137.0], "episode_types": ["t"]}