{"initial_reset_timestamp": 1640105237.5524957, "timestamps": [1640105238.4141061], "episode_lengths": [98], "episode_rewards": [98.0], "episode_types": ["t"]}