{"initial_reset_timestamp": 1640026155.9228802, "timestamps": [1640026156.1611652], "episode_lengths": [10], "episode_rewards": [10.0], "episode_types": ["t"]}