{"initial_reset_timestamp": 1640015698.0239956, "timestamps": [1640015698.2433698], "episode_lengths": [9], "episode_rewards": [9.0], "episode_types": ["t"]}