{"initial_reset_timestamp": 1640102144.5663943, "timestamps": [1640102145.5794082], "episode_lengths": [136], "episode_rewards": [136.0], "episode_types": ["t"]}