{"initial_reset_timestamp": 1639943922.0710819, "timestamps": [1639943922.7904363], "episode_lengths": [92], "episode_rewards": [92.0], "episode_types": ["t"]}