{"initial_reset_timestamp": 1640026494.9444141, "timestamps": [1640026495.2117865], "episode_lengths": [9], "episode_rewards": [9.0], "episode_types": ["t"]}