{"initial_reset_timestamp": 1640025942.312095, "timestamps": [1640025942.549408], "episode_lengths": [10], "episode_rewards": [10.0], "episode_types": ["t"]}