{"initial_reset_timestamp": 1640034545.4794474, "timestamps": [1640034545.7194538], "episode_lengths": [10], "episode_rewards": [10.0], "episode_types": ["t"]}