{"initial_reset_timestamp": 1640033754.8458183, "timestamps": [1640033755.6497052], "episode_lengths": [9], "episode_rewards": [9.0], "episode_types": ["t"]}