{"initial_reset_timestamp": 1640034283.4053092, "timestamps": [1640034283.6440244], "episode_lengths": [9], "episode_rewards": [9.0], "episode_types": ["t"]}