{"initial_reset_timestamp": 1640026129.998593, "timestamps": [1640026130.2391253], "episode_lengths": [10], "episode_rewards": [10.0], "episode_types": ["t"]}