{"initial_reset_timestamp": 1640106591.191256, "timestamps": [1640106591.4562247], "episode_lengths": [10], "episode_rewards": [10.0], "episode_types": ["t"]}