{"initial_reset_timestamp": 1640012080.5567887, "timestamps": [1640012081.488513], "episode_lengths": [102], "episode_rewards": [102.0], "episode_types": ["t"]}