{"initial_reset_timestamp": 1640015769.278063, "timestamps": [1640015769.5021453], "episode_lengths": [10], "episode_rewards": [10.0], "episode_types": ["t"]}