{"initial_reset_timestamp": 1640026110.1711545, "timestamps": [1640026110.4104395], "episode_lengths": [10], "episode_rewards": [10.0], "episode_types": ["t"]}