{"initial_reset_timestamp": 1640033961.9916658, "timestamps": [1640033962.2239637], "episode_lengths": [9], "episode_rewards": [9.0], "episode_types": ["t"]}