{"initial_reset_timestamp": 1640015266.0273495, "timestamps": [1640015266.264445], "episode_lengths": [11], "episode_rewards": [11.0], "episode_types": ["t"]}