{"initial_reset_timestamp": 1640026819.6499362, "timestamps": [1640026819.8964603], "episode_lengths": [9], "episode_rewards": [9.0], "episode_types": ["t"]}