{"initial_reset_timestamp": 1640013514.8927271, "timestamps": [1640013515.1322012], "episode_lengths": [9], "episode_rewards": [9.0], "episode_types": ["t"]}