{"initial_reset_timestamp": 1640004935.2581942, "timestamps": [1640004935.4636526], "episode_lengths": [8], "episode_rewards": [8.0], "episode_types": ["t"]}