{"initial_reset_timestamp": 1640012602.311029, "timestamps": [1640012602.538004], "episode_lengths": [10], "episode_rewards": [10.0], "episode_types": ["t"]}