{"initial_reset_timestamp": 1640007980.6588755, "timestamps": [1640007980.903312], "episode_lengths": [12], "episode_rewards": [12.0], "episode_types": ["t"]}