{"initial_reset_timestamp": 1640107125.1355207, "timestamps": [1640107125.6747212], "episode_lengths": [60], "episode_rewards": [60.0], "episode_types": ["t"]}