{"initial_reset_timestamp": 1640027008.8677986, "timestamps": [1640027009.1252782], "episode_lengths": [10], "episode_rewards": [10.0], "episode_types": ["t"]}