{"initial_reset_timestamp": 1640026780.2280884, "timestamps": [1640026780.4711244], "episode_lengths": [8], "episode_rewards": [8.0], "episode_types": ["t"]}