{"initial_reset_timestamp": 1640109966.0260203, "timestamps": [1640109967.5831258], "episode_lengths": [200], "episode_rewards": [200.0], "episode_types": ["t"]}