{"initial_reset_timestamp": 1640033807.6963038, "timestamps": [1640033807.9306724], "episode_lengths": [10], "episode_rewards": [10.0], "episode_types": ["t"]}