{"initial_reset_timestamp": 1640003642.2864423, "timestamps": [1640003642.632546], "episode_lengths": [31], "episode_rewards": [31.0], "episode_types": ["t"]}