{"initial_reset_timestamp": 1640005899.7470922, "timestamps": [1640005900.5045218], "episode_lengths": [99], "episode_rewards": [99.0], "episode_types": ["t"]}