{"initial_reset_timestamp": 1640026173.3963802, "timestamps": [1640026173.6369977], "episode_lengths": [11], "episode_rewards": [11.0], "episode_types": ["t"]}