{"initial_reset_timestamp": 1640026351.0740767, "timestamps": [1640026351.3874443], "episode_lengths": [10], "episode_rewards": [10.0], "episode_types": ["t"]}