{"initial_reset_timestamp": 1639945512.5463166, "timestamps": [1639945512.9897058], "episode_lengths": [49], "episode_rewards": [49.0], "episode_types": ["t"]}