{"initial_reset_timestamp": 1640026408.1934316, "timestamps": [1640026408.4597082], "episode_lengths": [9], "episode_rewards": [9.0], "episode_types": ["t"]}