{"initial_reset_timestamp": 1640016501.065609, "timestamps": [1640016501.8061616], "episode_lengths": [92], "episode_rewards": [92.0], "episode_types": ["t"]}