{"initial_reset_timestamp": 1640033823.7131052, "timestamps": [1640033823.9442213], "episode_lengths": [8], "episode_rewards": [8.0], "episode_types": ["t"]}