{"initial_reset_timestamp": 1640033970.9740288, "timestamps": [1640033971.2364516], "episode_lengths": [10], "episode_rewards": [10.0], "episode_types": ["t"]}