{"initial_reset_timestamp": 1640026597.331826, "timestamps": [1640026597.5917296], "episode_lengths": [10], "episode_rewards": [10.0], "episode_types": ["t"]}