{"initial_reset_timestamp": 1640014891.4830875, "timestamps": [1640014891.7094893], "episode_lengths": [10], "episode_rewards": [10.0], "episode_types": ["t"]}