{"initial_reset_timestamp": 1640004591.9931114, "timestamps": [1640004592.2126782], "episode_lengths": [9], "episode_rewards": [9.0], "episode_types": ["t"]}