{"initial_reset_timestamp": 1640003461.2198172, "timestamps": [1640003462.3923106], "episode_lengths": [167], "episode_rewards": [167.0], "episode_types": ["t"]}