{"initial_reset_timestamp": 1640014186.4748359, "timestamps": [1640014186.699384], "episode_lengths": [10], "episode_rewards": [10.0], "episode_types": ["t"]}