{"initial_reset_timestamp": 1640015386.1112907, "timestamps": [1640015386.3395803], "episode_lengths": [10], "episode_rewards": [10.0], "episode_types": ["t"]}