{"initial_reset_timestamp": 1639671264.8798244, "timestamps": [1639671267.0538116], "episode_lengths": [200], "episode_rewards": [200.0], "episode_types": ["t"]}