{"initial_reset_timestamp": 1640033889.6632605, "timestamps": [1640033889.8964546], "episode_lengths": [10], "episode_rewards": [10.0], "episode_types": ["t"]}