{"initial_reset_timestamp": 1640009146.3547566, "timestamps": [1640009148.0355902], "episode_lengths": [200], "episode_rewards": [200.0], "episode_types": ["t"]}