{"initial_reset_timestamp": 1640004492.6031191, "timestamps": [1640004493.0881302], "episode_lengths": [50], "episode_rewards": [50.0], "episode_types": ["t"]}