{"initial_reset_timestamp": 1640007192.4125898, "timestamps": [1640007194.1142173], "episode_lengths": [200], "episode_rewards": [200.0], "episode_types": ["t"]}