{"initial_reset_timestamp": 1640003865.136409, "timestamps": [1640003865.5333035], "episode_lengths": [29], "episode_rewards": [29.0], "episode_types": ["t"]}