{"initial_reset_timestamp": 1640022825.0141847, "timestamps": [1640022826.765863], "episode_lengths": [200], "episode_rewards": [200.0], "episode_types": ["t"]}