{"initial_reset_timestamp": 1640020768.0410058, "timestamps": [1640020769.873796], "episode_lengths": [200], "episode_rewards": [200.0], "episode_types": ["t"]}