{"initial_reset_timestamp": 1640034098.3809645, "timestamps": [1640034098.6147647], "episode_lengths": [10], "episode_rewards": [10.0], "episode_types": ["t"]}