{"initial_reset_timestamp": 1640101080.3853085, "timestamps": [1640101081.1299555], "episode_lengths": [101], "episode_rewards": [101.0], "episode_types": ["t"]}