{"initial_reset_timestamp": 1640003825.481782, "timestamps": [1640003825.8489752], "episode_lengths": [34], "episode_rewards": [34.0], "episode_types": ["t"]}