{"initial_reset_timestamp": 1640034015.5478544, "timestamps": [1640034015.7892153], "episode_lengths": [10], "episode_rewards": [10.0], "episode_types": ["t"]}