{"initial_reset_timestamp": 1640100850.5413277, "timestamps": [1640100851.2990222], "episode_lengths": [104], "episode_rewards": [104.0], "episode_types": ["t"]}