{"initial_reset_timestamp": 1639944392.501264, "timestamps": [1639944392.7224448], "episode_lengths": [11], "episode_rewards": [11.0], "episode_types": ["t"]}