{"initial_reset_timestamp": 1640034007.9545274, "timestamps": [1640034008.1836572], "episode_lengths": [9], "episode_rewards": [9.0], "episode_types": ["t"]}