{"initial_reset_timestamp": 1640013180.7389219, "timestamps": [1640013180.977391], "episode_lengths": [11], "episode_rewards": [11.0], "episode_types": ["t"]}