{"initial_reset_timestamp": 1640104716.0147285, "timestamps": [1640104716.4952238], "episode_lengths": [52], "episode_rewards": [52.0], "episode_types": ["t"]}