{"initial_reset_timestamp": 1640005068.4378912, "timestamps": [1640005068.65544], "episode_lengths": [10], "episode_rewards": [10.0], "episode_types": ["t"]}