{"initial_reset_timestamp": 1639949497.7786667, "timestamps": [1639949498.6734176], "episode_lengths": [100], "episode_rewards": [100.0], "episode_types": ["t"]}