{"initial_reset_timestamp": 1640034083.1396542, "timestamps": [1640034083.3691468], "episode_lengths": [9], "episode_rewards": [9.0], "episode_types": ["t"]}