{"initial_reset_timestamp": 1640100960.1371102, "timestamps": [1640100960.9378543], "episode_lengths": [111], "episode_rewards": [111.0], "episode_types": ["t"]}