{"initial_reset_timestamp": 1640005383.8122053, "timestamps": [1640005385.1928976], "episode_lengths": [200], "episode_rewards": [200.0], "episode_types": ["t"]}