{"initial_reset_timestamp": 1640026093.2600965, "timestamps": [1640026093.4815793], "episode_lengths": [8], "episode_rewards": [8.0], "episode_types": ["t"]}