{"initial_reset_timestamp": 1640034427.2797232, "timestamps": [1640034427.5286093], "episode_lengths": [10], "episode_rewards": [10.0], "episode_types": ["t"]}