{"initial_reset_timestamp": 1640025961.142217, "timestamps": [1640025961.406977], "episode_lengths": [10], "episode_rewards": [10.0], "episode_types": ["t"]}