{"initial_reset_timestamp": 1640015915.5516148, "timestamps": [1640015916.547744], "episode_lengths": [135], "episode_rewards": [135.0], "episode_types": ["t"]}