{"initial_reset_timestamp": 1640007913.7335835, "timestamps": [1640007913.9821799], "episode_lengths": [14], "episode_rewards": [14.0], "episode_types": ["t"]}