{"initial_reset_timestamp": 1640026703.7997763, "timestamps": [1640026704.0471792], "episode_lengths": [9], "episode_rewards": [9.0], "episode_types": ["t"]}