{"initial_reset_timestamp": 1640034155.9110801, "timestamps": [1640034156.149666], "episode_lengths": [10], "episode_rewards": [10.0], "episode_types": ["t"]}