{"initial_reset_timestamp": 1640007107.587925, "timestamps": [1640007108.879074], "episode_lengths": [122], "episode_rewards": [122.0], "episode_types": ["t"]}