{"initial_reset_timestamp": 1640026067.0486875, "timestamps": [1640026067.296854], "episode_lengths": [10], "episode_rewards": [10.0], "episode_types": ["t"]}