{"initial_reset_timestamp": 1640034568.7601094, "timestamps": [1640034568.9969807], "episode_lengths": [10], "episode_rewards": [10.0], "episode_types": ["t"]}