{"initial_reset_timestamp": 1640004801.6963778, "timestamps": [1640004801.9101205], "episode_lengths": [9], "episode_rewards": [9.0], "episode_types": ["t"]}