{"initial_reset_timestamp": 1640019260.1376128, "timestamps": [1640019260.8595877], "episode_lengths": [90], "episode_rewards": [90.0], "episode_types": ["t"]}