{"initial_reset_timestamp": 1640034307.9523761, "timestamps": [1640034308.1956806], "episode_lengths": [9], "episode_rewards": [9.0], "episode_types": ["t"]}