{"initial_reset_timestamp": 1640101982.9409118, "timestamps": [1640101983.188218], "episode_lengths": [11], "episode_rewards": [11.0], "episode_types": ["t"]}