{"initial_reset_timestamp": 1640025803.2401497, "timestamps": [1640025803.4855213], "episode_lengths": [11], "episode_rewards": [11.0], "episode_types": ["t"]}