{"initial_reset_timestamp": 1640033927.5524166, "timestamps": [1640033927.7812629], "episode_lengths": [9], "episode_rewards": [9.0], "episode_types": ["t"]}