{"initial_reset_timestamp": 1640005053.6716824, "timestamps": [1640005053.892988], "episode_lengths": [10], "episode_rewards": [10.0], "episode_types": ["t"]}