{"initial_reset_timestamp": 1640015662.1102877, "timestamps": [1640015662.3316884], "episode_lengths": [9], "episode_rewards": [9.0], "episode_types": ["t"]}