{"initial_reset_timestamp": 1640026316.9543655, "timestamps": [1640026317.361315], "episode_lengths": [10], "episode_rewards": [10.0], "episode_types": ["t"]}