{"initial_reset_timestamp": 1640033874.118835, "timestamps": [1640033874.368029], "episode_lengths": [10], "episode_rewards": [10.0], "episode_types": ["t"]}