{"initial_reset_timestamp": 1640026676.8149896, "timestamps": [1640026677.0583873], "episode_lengths": [9], "episode_rewards": [9.0], "episode_types": ["t"]}