{"initial_reset_timestamp": 1640034860.3880038, "timestamps": [1640034860.6182172], "episode_lengths": [8], "episode_rewards": [8.0], "episode_types": ["t"]}