{"initial_reset_timestamp": 1640004381.3390098, "timestamps": [1640004382.7398095], "episode_lengths": [188], "episode_rewards": [188.0], "episode_types": ["t"]}