{"initial_reset_timestamp": 1639945425.2503572, "timestamps": [1639945425.837172], "episode_lengths": [65], "episode_rewards": [65.0], "episode_types": ["t"]}