{"initial_reset_timestamp": 1640003537.3906395, "timestamps": [1640003537.6987078], "episode_lengths": [23], "episode_rewards": [23.0], "episode_types": ["t"]}