{"initial_reset_timestamp": 1640004740.640897, "timestamps": [1640004740.8609886], "episode_lengths": [10], "episode_rewards": [10.0], "episode_types": ["t"]}