{"initial_reset_timestamp": 1640033907.7924037, "timestamps": [1640033908.0468848], "episode_lengths": [10], "episode_rewards": [10.0], "episode_types": ["t"]}