{"initial_reset_timestamp": 1640026050.0485709, "timestamps": [1640026050.2803886], "episode_lengths": [9], "episode_rewards": [9.0], "episode_types": ["t"]}