{"initial_reset_timestamp": 1640034522.9422436, "timestamps": [1640034523.1763475], "episode_lengths": [10], "episode_rewards": [10.0], "episode_types": ["t"]}