{"initial_reset_timestamp": 1639946748.4068334, "timestamps": [1639946749.5169942], "episode_lengths": [139], "episode_rewards": [139.0], "episode_types": ["t"]}