{"initial_reset_timestamp": 1640103095.6679063, "timestamps": [1640103096.954409], "episode_lengths": [178], "episode_rewards": [178.0], "episode_types": ["t"]}