{"initial_reset_timestamp": 1640034401.2228222, "timestamps": [1640034401.4509788], "episode_lengths": [9], "episode_rewards": [9.0], "episode_types": ["t"]}