{"initial_reset_timestamp": 1640025924.8366833, "timestamps": [1640025925.0698345], "episode_lengths": [9], "episode_rewards": [9.0], "episode_types": ["t"]}