{"initial_reset_timestamp": 1640033954.9289625, "timestamps": [1640033955.1592166], "episode_lengths": [9], "episode_rewards": [9.0], "episode_types": ["t"]}