{"initial_reset_timestamp": 1639427855.1071372, "timestamps": [1639427855.3413563], "episode_lengths": [10], "episode_rewards": [10.0], "episode_types": ["t"]}