{"initial_reset_timestamp": 1640012174.2034822, "timestamps": [1640012174.4316177], "episode_lengths": [10], "episode_rewards": [10.0], "episode_types": ["t"]}