{"initial_reset_timestamp": 1640025898.5153584, "timestamps": [1640025898.7508543], "episode_lengths": [10], "episode_rewards": [10.0], "episode_types": ["t"]}