{"initial_reset_timestamp": 1640003749.0692482, "timestamps": [1640003749.4341831], "episode_lengths": [33], "episode_rewards": [33.0], "episode_types": ["t"]}