{"initial_reset_timestamp": 1640033268.994713, "timestamps": [1640033296.6894677], "episode_lengths": [1000], "episode_rewards": [437.6712328767054], "episode_types": ["t"]}