{"initial_reset_timestamp": 1640034580.4062927, "timestamps": [1640034580.6547894], "episode_lengths": [10], "episode_rewards": [10.0], "episode_types": ["t"]}