{"initial_reset_timestamp": 1640106740.1673427, "timestamps": [1640106740.4094577], "episode_lengths": [9], "episode_rewards": [9.0], "episode_types": ["t"]}