{"initial_reset_timestamp": 1640034204.5636654, "timestamps": [1640034204.7997897], "episode_lengths": [10], "episode_rewards": [10.0], "episode_types": ["t"]}