{"initial_reset_timestamp": 1639945697.3973303, "timestamps": [1639945697.6241052], "episode_lengths": [11], "episode_rewards": [11.0], "episode_types": ["t"]}