{"initial_reset_timestamp": 1640026992.3868191, "timestamps": [1640026992.6386912], "episode_lengths": [10], "episode_rewards": [10.0], "episode_types": ["t"]}