{"initial_reset_timestamp": 1640026033.5031369, "timestamps": [1640026033.7395058], "episode_lengths": [10], "episode_rewards": [10.0], "episode_types": ["t"]}