{"initial_reset_timestamp": 1639945765.9656096, "timestamps": [1639945766.1735947], "episode_lengths": [10], "episode_rewards": [10.0], "episode_types": ["t"]}