{"initial_reset_timestamp": 1640034139.6421704, "timestamps": [1640034139.8918161], "episode_lengths": [10], "episode_rewards": [10.0], "episode_types": ["t"]}