{"initial_reset_timestamp": 66659.057157083, "timestamps": [66674.577690953], "episode_lengths": [1000], "episode_rewards": [611.3402061855564], "episode_types": ["t"]}