{"initial_reset_timestamp": 1640100756.3286471, "timestamps": [1640100761.0378146], "episode_lengths": [200], "episode_rewards": [200.0], "episode_types": ["t"]}