{"initial_reset_timestamp": 1640022657.0053308, "timestamps": [1640022658.8268359], "episode_lengths": [200], "episode_rewards": [200.0], "episode_types": ["t"]}