{"initial_reset_timestamp": 1640017625.4420972, "timestamps": [1640017625.9633682], "episode_lengths": [58], "episode_rewards": [58.0], "episode_types": ["t"]}