{"initial_reset_timestamp": 1640015625.7983744, "timestamps": [1640015626.0251358], "episode_lengths": [10], "episode_rewards": [10.0], "episode_types": ["t"]}