{"initial_reset_timestamp": 1640043287.5345268, "timestamps": [1640043304.668571], "episode_lengths": [1000], "episode_rewards": [262.1262458471786], "episode_types": ["t"]}