{"initial_reset_timestamp": 1640013441.6820123, "timestamps": [1640013441.906763], "episode_lengths": [10], "episode_rewards": [10.0], "episode_types": ["t"]}