{"initial_reset_timestamp": 1640033830.6267948, "timestamps": [1640033830.8685765], "episode_lengths": [10], "episode_rewards": [10.0], "episode_types": ["t"]}