{"initial_reset_timestamp": 1640013098.5709598, "timestamps": [1640013098.8063037], "episode_lengths": [10], "episode_rewards": [10.0], "episode_types": ["t"]}