{"initial_reset_timestamp": 1640034038.9343083, "timestamps": [1640034039.1812625], "episode_lengths": [10], "episode_rewards": [10.0], "episode_types": ["t"]}