{"initial_reset_timestamp": 1640034348.1145556, "timestamps": [1640034348.3393638], "episode_lengths": [8], "episode_rewards": [8.0], "episode_types": ["t"]}