{"initial_reset_timestamp": 1639945987.3430705, "timestamps": [1639945988.1130981], "episode_lengths": [91], "episode_rewards": [91.0], "episode_types": ["t"]}