{"initial_reset_timestamp": 1639946572.5154128, "timestamps": [1639946573.381323], "episode_lengths": [101], "episode_rewards": [101.0], "episode_types": ["t"]}