{"initial_reset_timestamp": 1640004271.3383603, "timestamps": [1640004272.121169], "episode_lengths": [92], "episode_rewards": [92.0], "episode_types": ["t"]}