{"initial_reset_timestamp": 1640034772.6861527, "timestamps": [1640034772.9269187], "episode_lengths": [9], "episode_rewards": [9.0], "episode_types": ["t"]}