{"initial_reset_timestamp": 1640026757.7995708, "timestamps": [1640026758.0407362], "episode_lengths": [8], "episode_rewards": [8.0], "episode_types": ["t"]}