{"initial_reset_timestamp": 1640003965.3656592, "timestamps": [1640003966.4917166], "episode_lengths": [137], "episode_rewards": [137.0], "episode_types": ["t"]}