{"initial_reset_timestamp": 1640105719.2986667, "timestamps": [1640105720.171527], "episode_lengths": [101], "episode_rewards": [101.0], "episode_types": ["t"]}