{"initial_reset_timestamp": 1640102338.441329, "timestamps": [1640102339.4629264], "episode_lengths": [136], "episode_rewards": [136.0], "episode_types": ["t"]}