{"initial_reset_timestamp": 1640033985.9003313, "timestamps": [1640033986.1314325], "episode_lengths": [9], "episode_rewards": [9.0], "episode_types": ["t"]}