{"initial_reset_timestamp": 1640013660.7832515, "timestamps": [1640013661.0097296], "episode_lengths": [10], "episode_rewards": [10.0], "episode_types": ["t"]}