{"initial_reset_timestamp": 1640040547.424338, "timestamps": [1640040561.4168978], "episode_lengths": [1000], "episode_rewards": [705.3691275167636], "episode_types": ["t"]}