{"initial_reset_timestamp": 1640027091.1852357, "timestamps": [1640027091.4401264], "episode_lengths": [9], "episode_rewards": [9.0], "episode_types": ["t"]}