{"initial_reset_timestamp": 1639671482.3097878, "timestamps": [1639671483.9545164], "episode_lengths": [200], "episode_rewards": [200.0], "episode_types": ["t"]}