{"initial_reset_timestamp": 1640003327.658829, "timestamps": [1640003327.8929403], "episode_lengths": [10], "episode_rewards": [10.0], "episode_types": ["t"]}