{"initial_reset_timestamp": 1640034179.7411757, "timestamps": [1640034179.9841955], "episode_lengths": [10], "episode_rewards": [10.0], "episode_types": ["t"]}