{"initial_reset_timestamp": 1640106711.3742445, "timestamps": [1640106711.6097987], "episode_lengths": [8], "episode_rewards": [8.0], "episode_types": ["t"]}