{"initial_reset_timestamp": 1640004786.4252014, "timestamps": [1640004786.6514304], "episode_lengths": [10], "episode_rewards": [10.0], "episode_types": ["t"]}