{"initial_reset_timestamp": 1640034702.7898076, "timestamps": [1640034703.0289845], "episode_lengths": [9], "episode_rewards": [9.0], "episode_types": ["t"]}