{"initial_reset_timestamp": 1640005649.209631, "timestamps": [1640005650.0098414], "episode_lengths": [106], "episode_rewards": [106.0], "episode_types": ["t"]}