{"initial_reset_timestamp": 1640009971.5025427, "timestamps": [1640009972.3810682], "episode_lengths": [103], "episode_rewards": [103.0], "episode_types": ["t"]}