{"initial_reset_timestamp": 1640034606.7170153, "timestamps": [1640034606.9750729], "episode_lengths": [10], "episode_rewards": [10.0], "episode_types": ["t"]}