{"initial_reset_timestamp": 1640014936.7005086, "timestamps": [1640014936.9209495], "episode_lengths": [8], "episode_rewards": [8.0], "episode_types": ["t"]}