{"initial_reset_timestamp": 1639944018.6934195, "timestamps": [1639944019.4340343], "episode_lengths": [93], "episode_rewards": [93.0], "episode_types": ["t"]}