{"initial_reset_timestamp": 1640034320.5788953, "timestamps": [1640034320.8199058], "episode_lengths": [10], "episode_rewards": [10.0], "episode_types": ["t"]}