{"initial_reset_timestamp": 1640034845.3640027, "timestamps": [1640034845.5955496], "episode_lengths": [9], "episode_rewards": [9.0], "episode_types": ["t"]}