{"initial_reset_timestamp": 1640033993.1806045, "timestamps": [1640033993.4264042], "episode_lengths": [10], "episode_rewards": [10.0], "episode_types": ["t"]}