{"initial_reset_timestamp": 1640007413.8793988, "timestamps": [1640007414.9995046], "episode_lengths": [136], "episode_rewards": [136.0], "episode_types": ["t"]}