{"initial_reset_timestamp": 1640003356.8389075, "timestamps": [1640003357.7165847], "episode_lengths": [118], "episode_rewards": [118.0], "episode_types": ["t"]}