{"initial_reset_timestamp": 1639659305.371111, "timestamps": [1639659306.3902545], "episode_lengths": [113], "episode_rewards": [113.0], "episode_types": ["t"]}