{"initial_reset_timestamp": 1640102529.8517227, "timestamps": [1640102531.260767], "episode_lengths": [200], "episode_rewards": [200.0], "episode_types": ["t"]}