{"initial_reset_timestamp": 1639945783.4377193, "timestamps": [1639945783.6407604], "episode_lengths": [10], "episode_rewards": [10.0], "episode_types": ["t"]}