{"initial_reset_timestamp": 1640026041.756387, "timestamps": [1640026041.9953616], "episode_lengths": [10], "episode_rewards": [10.0], "episode_types": ["t"]}