{"initial_reset_timestamp": 1640107019.530425, "timestamps": [1640107019.8427165], "episode_lengths": [18], "episode_rewards": [18.0], "episode_types": ["t"]}