{"initial_reset_timestamp": 1639660046.753349, "timestamps": [1639660046.9636407], "episode_lengths": [10], "episode_rewards": [10.0], "episode_types": ["t"]}