{"initial_reset_timestamp": 1640034820.5600235, "timestamps": [1640034820.7971547], "episode_lengths": [9], "episode_rewards": [9.0], "episode_types": ["t"]}