{"initial_reset_timestamp": 1640104847.9896767, "timestamps": [1640104849.440102], "episode_lengths": [177], "episode_rewards": [177.0], "episode_types": ["t"]}