{"initial_reset_timestamp": 1640003480.1980426, "timestamps": [1640003481.140114], "episode_lengths": [119], "episode_rewards": [119.0], "episode_types": ["t"]}