{"initial_reset_timestamp": 1640034923.2395444, "timestamps": [1640034923.5084107], "episode_lengths": [11], "episode_rewards": [11.0], "episode_types": ["t"]}