{"initial_reset_timestamp": 1640034171.8213558, "timestamps": [1640034172.0415971], "episode_lengths": [8], "episode_rewards": [8.0], "episode_types": ["t"]}