{"initial_reset_timestamp": 1640014075.416766, "timestamps": [1640014075.642964], "episode_lengths": [10], "episode_rewards": [10.0], "episode_types": ["t"]}