{"initial_reset_timestamp": 1640004904.1221638, "timestamps": [1640004904.3347807], "episode_lengths": [9], "episode_rewards": [9.0], "episode_types": ["t"]}