{"initial_reset_timestamp": 1640026466.8806636, "timestamps": [1640026467.1296306], "episode_lengths": [9], "episode_rewards": [9.0], "episode_types": ["t"]}