{"initial_reset_timestamp": 1640033920.9431188, "timestamps": [1640033921.180634], "episode_lengths": [10], "episode_rewards": [10.0], "episode_types": ["t"]}