{"initial_reset_timestamp": 1639661184.8371696, "timestamps": [1639661185.7020051], "episode_lengths": [95], "episode_rewards": [95.0], "episode_types": ["t"]}