{"initial_reset_timestamp": 1640013254.4479704, "timestamps": [1640013254.6699464], "episode_lengths": [9], "episode_rewards": [9.0], "episode_types": ["t"]}