{"initial_reset_timestamp": 1640034784.4962456, "timestamps": [1640034784.7334378], "episode_lengths": [9], "episode_rewards": [9.0], "episode_types": ["t"]}