{"initial_reset_timestamp": 1640104294.2822855, "timestamps": [1640104294.5818284], "episode_lengths": [17], "episode_rewards": [17.0], "episode_types": ["t"]}