{"initial_reset_timestamp": 1640108315.8835816, "timestamps": [1640108317.4244735], "episode_lengths": [200], "episode_rewards": [200.0], "episode_types": ["t"]}