{"initial_reset_timestamp": 1640034749.1375952, "timestamps": [1640034749.3781302], "episode_lengths": [9], "episode_rewards": [9.0], "episode_types": ["t"]}