{"initial_reset_timestamp": 1640106535.57702, "timestamps": [1640106535.8278875], "episode_lengths": [10], "episode_rewards": [10.0], "episode_types": ["t"]}