{"initial_reset_timestamp": 1640009341.8221674, "timestamps": [1640009342.6330783], "episode_lengths": [101], "episode_rewards": [101.0], "episode_types": ["t"]}