{"initial_reset_timestamp": 1640018225.804907, "timestamps": [1640018227.2127123], "episode_lengths": [200], "episode_rewards": [200.0], "episode_types": ["t"]}