{"initial_reset_timestamp": 1640104190.976861, "timestamps": [1640104191.340336], "episode_lengths": [27], "episode_rewards": [27.0], "episode_types": ["t"]}