{"initial_reset_timestamp": 1640008626.6346974, "timestamps": [1640008627.3010335], "episode_lengths": [65], "episode_rewards": [65.0], "episode_types": ["t"]}