{"arch": "arch", "n_layers": 0, "episodes_trained": 101, "last_avg_score": 0.19079964978841063, "batch_size": 64, "exploration_threshold": 0.7382628067611632, "exploration_threshold_min": 0.01, "exploration_decay": 0.997, "discount_factor": 0.95, "learning_rate": 0.0001, "learning_rate_decay": 1, "episodes": [0, 1, 2, 3, 4, 5, 6, 7, 8, 9, 10, 11, 12, 13, 14, 15, 16, 17, 18, 19, 20, 21, 22, 23, 24, 25, 26, 27, 28, 29, 30, 31, 32, 33, 34, 35, 36, 37, 38, 39, 40, 41, 42, 43, 44, 45, 46, 47, 48, 49, 50, 51, 52, 53, 54, 55, 56, 57, 58, 59, 60, 61, 62, 63, 64, 65, 66, 67, 68, 69, 70, 71, 72, 73, 74, 75, 76, 77, 78, 79, 80, 81, 82, 83, 84, 85, 86, 87, 88, 89, 90, 91, 92, 93, 94, 95, 96, 97, 98, 99, 100], "scores": [30.799999999999685, 10.201449275362137, -0.21006711409389217, 11.776119402984849, 26.027777777777473, 12.70123456790114, 31.598581560283236, 10.757142857142677, 3.1429065743944107, 5.754889589905352, 10.661165048543527, 15.471428571428365, 8.330303030302707, 17.72820512820458, 24.514093959731184, 38.03783783783729, 12.235570469798322, 1.6701754385965586, -3.6681528662419627, 17.10606060606021, 2.200000000000048, 3.3761194029850032, -2.54545454545446, 12.616326530612056, -0.4107023411370133, 9.104626334519418, 6.622950819672123, 6.578980891719189, 55.80159362549868, 3.070033670033733, 16.32416107382522, 26.840067340066952, 4.988679245283018, 10.396350364963373, 8.160992907801338, 4.389605734767022, 37.341401273884806, 14.223841059602446, 9.943205574912755, 3.477777777777818, 32.886080586080126, 9.08387096774183, 5.403300330032916, 16.07142857142819, 21.60175438596427, 23.18913857677874, 21.363345195729288, 15.709965635738536, 3.445637583892638, 11.949128919860444, 7.478260869565151, 20.41917808219143, 50.82781456953627, 11.100369003689911, 15.568345323740752, 7.594982078853024, 32.4864111498253, 7.094736842105156, 35.00565371024673, 12.913099041533174, 28.129083665338243, 3.758064516129082, 37.465517241379, 12.279310344827412, 24.838028169013832, -3.337974683544167, 33.18831168831135, 24.58963210702302, 26.49270072992669, 7.2270270270269705, 22.459934853419917, 10.989297658862748, 37.54615384615353, 10.68378378378365, 29.155670103092426, 11.014176245210543, 14.633779264213821, 50.147138047137055, 10.214285714285587, 17.053191489361446, 23.831921824103887, 18.52212389380483, 40.04233576642291, 7.372727272727067, 9.683870967741822, 55.560975609756234, 23.120183486238098, 0.48201892744485586, 62.533734939759945, 21.36006006005966, 14.028571428571254, 16.15319148936145, 7.51176470588228, 24.75660377358465, 26.157142857142418, 18.70759493670831, 16.950406504064773, 8.537037037036958, 11.585209003215285, 23.124489795918024, 33.96233766233709], "events": [163, 122, 78, 109, 109, 183, 201, 106, 150, 106, 190, 126, 148, 207, 141, 165, 126, 87, 128, 144, 75, 137, 159, 93, 123, 111, 119, 200, 145, 101, 90, 134, 83, 86, 90, 68, 193, 73, 82, 80, 158, 87, 91, 124, 196, 84, 82, 107, 77, 145, 119, 125, 249, 85, 79, 129, 123, 85, 165, 137, 131, 94, 104, 96, 104, 200, 94, 140, 154, 65, 87, 85, 120, 76, 108, 90, 84, 292, 84, 84, 115, 129, 121, 132, 85, 139, 136, 71, 152, 128, 107, 87, 72, 80, 138, 232, 78, 94, 89, 126, 178], "avg_scores": [0.188957055214722, 0.0836184366832962, -0.002693168129408874, 0.1080377926879344, 0.23878695208970158, 0.06940565337650896, 0.15720687343424494, 0.10148247978436488, 0.02095271049596274, 0.05429141122552218, 0.056111394992334356, 0.12278911564625687, 0.0562858312858291, 0.08564350303480472, 0.17385882240944103, 0.2305323505323472, 0.09710770214125652, 0.019197418834443203, -0.028657444267515333, 0.1187920875420848, 0.029333333333333975, 0.024643207321058416, -0.016009148084619246, 0.1356594250603447, -0.003339043423878157, 0.0820236606713461, 0.05565504890480776, 0.03289490445859594, 0.3848385767275771, 0.030396372970631018, 0.1813795674869469, 0.20029901000049963, 0.06010456922027733, 0.12088779494143458, 0.09067769897557043, 0.06455302551127973, 0.19347876307712333, 0.19484713780277324, 0.12125860457210676, 0.043472222222222724, 0.20813975054481093, 0.10441230997404403, 0.05937692670365842, 0.1296082949308725, 0.11021303258145036, 0.27606117353308024, 0.26052859994791816, 0.14682210874521998, 0.04474854005055374, 0.08240778565420996, 0.06284252831567354, 0.16335342465753144, 0.20412776935556737, 0.13059257651399894, 0.1970676623258323, 0.058875830068628086, 0.2641171638197179, 0.08346749226006066, 0.21215547703179838, 0.09425619738345382, 0.2147258295063988, 0.039979409746054066, 0.36024535809018265, 0.12790948275861888, 0.2388271939328253, -0.016689873417720835, 0.35306714562033353, 0.17564022933587872, 0.17203052422030318, 0.11118503118503031, 0.2581601707289646, 0.12928585481014998, 0.31288461538461276, 0.14057610241820592, 0.2699599083619669, 0.12237973605789491, 0.1742116579073074, 0.17173677413403102, 0.1215986394557808, 0.20301418439716007, 0.20723410281829466, 0.14358235576592893, 0.3309283947638257, 0.055853994490356565, 0.11392789373813908, 0.39971924899105205, 0.17000134916351542, 0.006788998978096561, 0.4114061509194733, 0.1668754692192161, 0.13110814419225472, 0.18566886769380977, 0.10433006535947612, 0.3094575471698081, 0.18954451345755374, 0.08063618507201858, 0.21731290389826632, 0.09081954294720168, 0.13017088767657622, 0.18352769679300018, 0.19079964978841063], "avg_scores20": [30.799999999999685, 20.50072463768091, 13.597127387089309, 13.141875391063193, 15.719055868406048, 15.216085651655229, 17.55644221003066, 16.706529790919664, 15.199460544639079, 14.255003449165708, 13.928290867290963, 14.05688567596908, 13.616379318610127, 13.910081162152588, 14.617015348657826, 16.08081675423154, 15.854625796323706, 15.066600776449977, 14.080561111045139, 14.231836085795894, 12.801836085795909, 12.460569592177052, 12.343800220609026, 12.385810576990385, 11.06388657104466, 10.884056159375577, 9.635274622345019, 9.426366524073845, 12.059300876629058, 11.925058080635477, 12.208207881899565, 12.776639820331491, 12.609558631080507, 12.242965892918448, 11.425310840321954, 9.74289923516844, 10.998190775372766, 11.625874056423061, 12.306441978480796, 11.625027837066677, 13.159331866370682, 13.444719444608523, 13.842157188382894, 14.014912290423698, 15.115535126778763, 15.81976073889173, 16.55678045769459, 17.013329694895553, 14.395531892815248, 14.839486655306583, 14.397191645093582, 14.076147182199804, 16.368103948412468, 16.4033048803488, 16.773672501145764, 16.93394131835007, 16.691191812147093, 16.334736601272226, 17.587859008038926, 18.059625071226694, 17.8217752251896, 17.555484902608967, 19.15859574817627, 18.96898983684623, 19.130803525998708, 17.804447862982563, 18.395696187611662, 18.839679511175888, 19.992032668477588, 19.755927573835915, 20.505011273028654, 20.03351725186222, 19.369434215693083, 19.34860495469777, 20.027971193665355, 20.19893090198323, 19.30629930770266, 21.458919367954252, 20.219350968156196, 20.426355590547608, 20.21149749848589, 20.949700467369677, 21.078541393621876, 20.833212240016856, 20.07550437995325, 23.020451894618276, 22.51704548451461, 21.311664825535704, 23.113716536027365, 23.820368187679, 23.398800016436567, 23.656994707961502, 22.155275250947938, 22.85891625043799, 22.70898988814049, 23.093660822715375, 23.209492184707926, 21.12898713420292, 21.197533298649407, 21.501098213977237, 22.00761900588889],