{"initial_reset_timestamp": 1640004065.7893035, "timestamps": [1640004066.8124607], "episode_lengths": [129], "episode_rewards": [129.0], "episode_types": ["t"]}