{"initial_reset_timestamp": 1640033801.4595704, "timestamps": [1640033801.6928833], "episode_lengths": [10], "episode_rewards": [10.0], "episode_types": ["t"]}