{"initial_reset_timestamp": 1640003425.466693, "timestamps": [1640003426.4234583], "episode_lengths": [132], "episode_rewards": [132.0], "episode_types": ["t"]}