{"initial_reset_timestamp": 1640103341.5515437, "timestamps": [1640103343.0216627], "episode_lengths": [200], "episode_rewards": [200.0], "episode_types": ["t"]}