{"initial_reset_timestamp": 1640106007.859777, "timestamps": [1640106008.638011], "episode_lengths": [91], "episode_rewards": [91.0], "episode_types": ["t"]}