{"initial_reset_timestamp": 1640007779.7337768, "timestamps": [1640007780.4053445], "episode_lengths": [78], "episode_rewards": [78.0], "episode_types": ["t"]}