{"initial_reset_timestamp": 1639945909.4467595, "timestamps": [1639945910.6676407], "episode_lengths": [156], "episode_rewards": [156.0], "episode_types": ["t"]}