{"initial_reset_timestamp": 1640034898.4202714, "timestamps": [1640034898.679658], "episode_lengths": [10], "episode_rewards": [10.0], "episode_types": ["t"]}