{"initial_reset_timestamp": 1640026255.9075625, "timestamps": [1640026256.1508327], "episode_lengths": [9], "episode_rewards": [9.0], "episode_types": ["t"]}