{"initial_reset_timestamp": 1640107775.06797, "timestamps": [1640107776.5856433], "episode_lengths": [197], "episode_rewards": [197.0], "episode_types": ["t"]}