{"initial_reset_timestamp": 1640003786.8143418, "timestamps": [1640003787.166789], "episode_lengths": [32], "episode_rewards": [32.0], "episode_types": ["t"]}