{"initial_reset_timestamp": 1640026882.1683874, "timestamps": [1640026882.425959], "episode_lengths": [10], "episode_rewards": [10.0], "episode_types": ["t"]}