{"initial_reset_timestamp": 1640013889.5817876, "timestamps": [1640013889.8370411], "episode_lengths": [10], "episode_rewards": [10.0], "episode_types": ["t"]}