{"initial_reset_timestamp": 1640034808.4372933, "timestamps": [1640034808.6705894], "episode_lengths": [8], "episode_rewards": [8.0], "episode_types": ["t"]}