{"initial_reset_timestamp": 1640034295.4191556, "timestamps": [1640034295.6566412], "episode_lengths": [9], "episode_rewards": [9.0], "episode_types": ["t"]}