{"initial_reset_timestamp": 1640020602.0806115, "timestamps": [1640020603.711806], "episode_lengths": [200], "episode_rewards": [200.0], "episode_types": ["t"]}