{"arch": "DoubleDuelingDQN", "n_layers": 4, "episodes_trained": 126, "last_avg_score": 1.0050251256281406, "batch_size": 128, "exploration_threshold": 1, "exploration_threshold_min": 0.01, "exploration_decay": 0.02, "discount_factor": 0.99, "learning_rate": 0.0001, "learning_rate_decay": 0.99, "episodes": [0, 1, 2, 3, 4, 5, 6, 7, 8, 9, 10, 11, 12, 13, 14, 15, 16, 17, 18, 19, 20, 21, 22, 23, 24, 25, 26, 27, 28, 29, 30, 31, 32, 33, 34, 35, 36, 37, 38, 39, 40, 41, 42, 43, 44, 45, 46, 47, 48, 49, 50, 51, 52, 53, 54, 55, 56, 57, 58, 59, 60, 61, 62, 63, 64, 65, 66, 67, 68, 69, 70, 71, 72, 73, 74, 75, 76, 77, 78, 79, 80, 81, 82, 83, 84, 85, 86, 87, 88, 89, 90, 91, 92, 93, 94, 95, 96, 97, 98, 99, 100, 101, 102, 103, 104, 105, 106, 107, 108, 109, 110, 111, 112, 113, 114, 115, 116, 117, 118, 119, 120, 121, 122, 123, 124, 125], "scores": [26.0, 16.0, 11.0, 21.0, 16.0, 22.0, 17.0, 16.0, 11.0, 34.0, 12.0, 14.0, 51.0, 141.0, 38.0, 76.0, 84.0, 29.0, 50.0, 162.0, 57.0, 152.0, 37.0, 55.0, 92.0, 121.0, 200.0, 63.0, 188.0, 35.0, 200.0, 195.0, 200.0, 200.0, 200.0, 200.0, 200.0, 200.0, 200.0, 200.0, 200.0, 200.0, 200.0, 200.0, 200.0, 200.0, 200.0, 200.0, 200.0, 200.0, 200.0, 200.0, 200.0, 200.0, 200.0, 200.0, 200.0, 200.0, 200.0, 200.0, 200.0, 200.0, 200.0, 200.0, 200.0, 200.0, 200.0, 200.0, 200.0, 200.0, 200.0, 200.0, 200.0, 200.0, 200.0, 200.0, 200.0, 200.0, 200.0, 200.0, 200.0, 200.0, 200.0, 200.0, 200.0, 200.0, 200.0, 200.0, 200.0, 200.0, 200.0, 200.0, 200.0, 200.0, 200.0, 200.0, 200.0, 200.0, 200.0, 200.0, 200.0, 200.0, 192.0, 200.0, 187.0, 200.0, 200.0, 200.0, 188.0, 193.0, 200.0, 193.0, 192.0, 200.0, 200.0, 200.0, 182.0, 200.0, 200.0, 200.0, 193.0, 200.0, 200.0, 188.0, 188.0, 200.0], "events": [25, 15, 10, 20, 15, 21, 16, 15, 10, 33, 11, 13, 50, 140, 37, 75, 83, 28, 49, 161, 56, 151, 36, 54, 91, 120, 199, 62, 187, 34, 199, 194, 199, 199, 199, 199, 199, 199, 199, 199, 199, 199, 199, 199, 199, 199, 199, 199, 199, 199, 199, 199, 199, 199, 199, 199, 199, 199, 199, 199, 199, 199, 199, 199, 199, 199, 199, 199, 199, 199, 199, 199, 199, 199, 199, 199, 199, 199, 199, 199, 199, 199, 199, 199, 199, 199, 199, 199, 199, 199, 199, 199, 199, 199, 199, 199, 199, 199, 199, 199, 199, 199, 191, 199, 186, 199, 199, 199, 187, 192, 199, 192, 191, 199, 199, 199, 181, 199, 199, 199, 192, 199, 199, 187, 187, 199], "avg_scores": [1.04, 1.0666666666666667, 1.1, 1.05, 1.0666666666666667, 1.0476190476190477, 1.0625, 1.0666666666666667, 1.1, 1.0303030303030303, 1.0909090909090908, 1.0769230769230769, 1.02, 1.0071428571428571, 1.027027027027027, 1.0133333333333334, 1.0120481927710843, 1.0357142857142858, 1.0204081632653061, 1.0062111801242235, 1.0178571428571428, 1.0066225165562914, 1.0277777777777777, 1.0185185185185186, 1.010989010989011, 1.0083333333333333, 1.0050251256281406, 1.0161290322580645, 1.0053475935828877, 1.0294117647058822, 1.0050251256281406, 1.0051546391752577, 1.0050251256281406, 1.0050251256281406, 1.0050251256281406, 1.0050251256281406, 1.0050251256281406, 1.0050251256281406, 1.0050251256281406, 1.0050251256281406, 1.0050251256281406, 1.0050251256281406, 1.0050251256281406, 1.0050251256281406, 1.0050251256281406, 1.0050251256281406, 1.0050251256281406, 1.0050251256281406, 1.0050251256281406, 1.0050251256281406, 1.0050251256281406, 1.0050251256281406, 1.0050251256281406, 1.0050251256281406, 1.0050251256281406, 1.0050251256281406, 1.0050251256281406, 1.0050251256281406, 1.0050251256281406, 1.0050251256281406, 1.0050251256281406, 1.0050251256281406, 1.0050251256281406, 1.0050251256281406, 1.0050251256281406, 1.0050251256281406, 1.0050251256281406, 1.0050251256281406, 1.0050251256281406, 1.0050251256281406, 1.0050251256281406, 1.0050251256281406, 1.0050251256281406, 1.0050251256281406, 1.0050251256281406, 1.0050251256281406, 1.0050251256281406, 1.0050251256281406, 1.0050251256281406, 1.0050251256281406, 1.0050251256281406, 1.0050251256281406, 1.0050251256281406, 1.0050251256281406, 1.0050251256281406, 1.0050251256281406, 1.0050251256281406, 1.0050251256281406, 1.0050251256281406, 1.0050251256281406, 1.0050251256281406, 1.0050251256281406, 1.0050251256281406, 1.0050251256281406, 1.0050251256281406, 1.0050251256281406, 1.0050251256281406, 1.0050251256281406, 1.0050251256281406, 1.0050251256281406, 1.0050251256281406, 1.0050251256281406, 1.0052356020942408, 1.0050251256281406, 1.0053763440860215, 1.0050251256281406, 1.0050251256281406, 1.0050251256281406, 1.0053475935828877, 1.0052083333333333, 1.0050251256281406, 1.0052083333333333, 1.0052356020942408, 1.0050251256281406, 1.0050251256281406, 1.0050251256281406, 1.0055248618784531, 1.0050251256281406, 1.0050251256281406, 1.0050251256281406, 1.0052083333333333, 1.0050251256281406, 1.0050251256281406, 1.0053475935828877, 1.0053475935828877, 1.0050251256281406], "avg_scores20": [26.0, 21.0, 17.666666666666668, 18.5, 18.0, 18.666666666666668, 18.428571428571427, 18.125, 17.333333333333332, 19.0, 18.363636363636363, 18.0, 20.53846153846154, 29.142857142857142, 29.733333333333334, 32.625, 35.64705882352941, 35.27777777777778, 36.05263157894737, 42.35, 43.9, 50.7, 52.0, 53.7, 57.5, 62.45, 71.6, 73.95, 82.8, 82.85, 92.25, 101.3, 108.75, 111.7, 119.8, 126.0, 131.8, 140.35, 147.85, 149.75, 156.9, 159.3, 167.45, 174.7, 180.1, 184.05, 184.05, 190.9, 191.5, 199.75, 199.75, 200.0, 200.0, 200.0, 200.0, 200.0, 200.0, 200.0, 200.0, 200.0, 200.0, 200.0, 200.0, 200.0, 200.0, 200.0, 200.0, 200.0, 200.0, 200.0, 200.0, 200.0, 200.0, 200.0, 200.0, 200.0, 200.0, 200.0, 200.0, 200.0, 200.0, 200.0, 200.0, 200.0, 200.0, 200.0, 200.0, 200.0, 200.0, 200.0, 200.0, 200.0, 200.0, 200.0, 200.0, 200.0, 200.0, 200.0, 200.0, 200.0, 200.0, 200.0, 199.6, 199.6, 198.95, 198.95, 198.95, 198.95, 198.35, 198.0, 198.0, 197.65, 197.25, 197.25, 197.25, 197.25, 196.35, 196.35, 196.35, 196.35, 196.0, 196.0, 196.4, 195.8, 195.85, 195.85], "exploration": [0.98, 0.96, 0.94, 0.9199999999999999, 0.8999999999999999, 0.8799999999999999, 0.8599999999999999, 0.8399999999999999, 0.8199999999999998, 0.7999999999999998, 0.7799999999999998, 0.7599999999999998, 0.7399999999999998, 0.7199999999999998, 0.6999999999999997, 0.6799999999999997, 0.6599999999999997, 0.6399999999999997, 0.6199999999999997, 0.5999999999999996, 0.5799999999999996, 0.5599999999999996, 0.5399999999999996, 0.5199999999999996, 0.49999999999999956, 0.47999999999999954, 0.4599999999999995, 0.4399999999999995, 0.4199999999999995, 0.39999999999999947, 0.37999999999999945, 0.35999999999999943, 0.3399999999999994, 0.3199999999999994, 0.2999999999999994, 0.27999999999999936, 0.25999999999999934, 0.23999999999999935, 0.21999999999999936, 0.19999999999999937, 0.17999999999999938, 0.1599999999999994, 0.1399999999999994, 0.1199999999999994, 0.0999999999999994, 0.07999999999999939, 0.05999999999999939, 0.03999999999999938, 0.019999999999999383, -6.175615574477433e-16, 0.01, 0.01, 0.01, 0.01, 0.01, 0.01, 0.01, 0.01, 0.01, 0.01, 0.01, 0.01, 0.01, 0.01, 0.01, 0.01, 0.01, 0.01, 0.01, 0.01, 0.01, 0.01, 0.01, 0.01, 0.01, 0.01, 0.01, 0.01, 0.01, 0.01, 0.01, 0.01, 0.01, 0.01, 0.01, 0.01, 0.01, 0.01, 0.01, 0.01, 0.01, 0.01, 0.01, 0.01, 0.01, 0.01, 0.01, 0.01, 0.01, 0.01, 0.01, 0.01, 0.01, 0.01, 0.01, 0.01, 0.01, 0.01, 0.01, 0.01, 0.01, 0.01, 0.01, 0.01, 0.01, 0.01, 0.01, 0.01, 0.01, 0.01, 0.01, 0.01, 0.01, 0.01, 0.01, 0.01],