{"initial_reset_timestamp": 1640015067.091928, "timestamps": [1640015067.3285618], "episode_lengths": [10], "episode_rewards": [10.0], "episode_types": ["t"]}