{"initial_reset_timestamp": 1640026138.603315, "timestamps": [1640026138.8443656], "episode_lengths": [10], "episode_rewards": [10.0], "episode_types": ["t"]}