{"initial_reset_timestamp": 1640109930.5440407, "timestamps": [1640109932.123585], "episode_lengths": [200], "episode_rewards": [200.0], "episode_types": ["t"]}