{"initial_reset_timestamp": 1640004536.9577894, "timestamps": [1640004537.1769931], "episode_lengths": [10], "episode_rewards": [10.0], "episode_types": ["t"]}