{"initial_reset_timestamp": 1640034655.4412477, "timestamps": [1640034655.6846805], "episode_lengths": [9], "episode_rewards": [9.0], "episode_types": ["t"]}