{"initial_reset_timestamp": 1640108654.3287625, "timestamps": [1640108655.9219482], "episode_lengths": [200], "episode_rewards": [200.0], "episode_types": ["t"]}