{"initial_reset_timestamp": 1639944275.1717215, "timestamps": [1639944276.0079525], "episode_lengths": [111], "episode_rewards": [111.0], "episode_types": ["t"]}