{"initial_reset_timestamp": 1639944481.8751276, "timestamps": [1639944482.0719547], "episode_lengths": [9], "episode_rewards": [9.0], "episode_types": ["t"]}