{"initial_reset_timestamp": 1640034121.5796833, "timestamps": [1640034121.813006], "episode_lengths": [10], "episode_rewards": [10.0], "episode_types": ["t"]}