{"initial_reset_timestamp": 1640013379.6374722, "timestamps": [1640013379.8683662], "episode_lengths": [10], "episode_rewards": [10.0], "episode_types": ["t"]}