{"initial_reset_timestamp": 1640034487.241472, "timestamps": [1640034487.486689], "episode_lengths": [10], "episode_rewards": [10.0], "episode_types": ["t"]}