{"initial_reset_timestamp": 1640009644.4031258, "timestamps": [1640009645.2970595], "episode_lengths": [104], "episode_rewards": [104.0], "episode_types": ["t"]}