{"initial_reset_timestamp": 1640033837.6440332, "timestamps": [1640033837.9010742], "episode_lengths": [10], "episode_rewards": [10.0], "episode_types": ["t"]}