{"initial_reset_timestamp": 1640109229.6662517, "timestamps": [1640109231.1771297], "episode_lengths": [200], "episode_rewards": [200.0], "episode_types": ["t"]}