{"initial_reset_timestamp": 1640034333.585405, "timestamps": [1640034333.8475525], "episode_lengths": [10], "episode_rewards": [10.0], "episode_types": ["t"]}