{"initial_reset_timestamp": 1639660315.3417115, "timestamps": [1639660316.2545164], "episode_lengths": [103], "episode_rewards": [103.0], "episode_types": ["t"]}