{"initial_reset_timestamp": 1640034886.1203394, "timestamps": [1640034886.381765], "episode_lengths": [10], "episode_rewards": [10.0], "episode_types": ["t"]}