{"initial_reset_timestamp": 1640026799.3594203, "timestamps": [1640026799.6386626], "episode_lengths": [10], "episode_rewards": [10.0], "episode_types": ["t"]}