{"initial_reset_timestamp": 61180.49230575, "timestamps": [61197.640863946], "episode_lengths": [1000], "episode_rewards": [566.666666666655], "episode_types": ["t"]}