{"initial_reset_timestamp": 1640004661.9564104, "timestamps": [1640004662.1697464], "episode_lengths": [9], "episode_rewards": [9.0], "episode_types": ["t"]}